protein_id	go_term	qualifier	evidence_code	source_db
Q8R2Z3	GO:0015705	involved_in	IDA	UniProtKB
Q8R2Z3	GO:0015705	involved_in	IMP	UniProtKB
Q8R2Z3	GO:0035429	involved_in	IDA	UniProtKB
Q8R2Z3	GO:0008272	involved_in	IDA	UniProtKB
Q8R2Z3	GO:0019532	involved_in	IDA	UniProtKB
Q8R2Z3	GO:0015706	involved_in	IDA	UniProtKB
Q8R2Z3	GO:0140900	enables	IDA	UniProtKB
Q8R2Z3	GO:0140900	enables	IMP	UniProtKB
Q8R2Z3	GO:0006590	involved_in	IMP	UniProtKB
P41216	GO:0043539	enables	IGI	UniProtKB
P41216	GO:0043539	enables	IMP	UniProtKB
Q9ESD1	GO:0009897	located_in	IDA	UniProtKB
Q08C84	GO:0004407	enables	IMP	UniProtKB
Q68FE2	GO:0097300	involved_in	IMP	UniProtKB
Q01804	GO:0035871	involved_in	IDA	UniProtKB
Q01804	GO:0005737	is_active_in	IC	UniProtKB
Q9Y3I1	GO:1903377	acts_upstream_of	IDA	UniProtKB
Q9Y3I1	GO:1903377	involved_in	IMP	UniProtKB
P34021	GO:0001752	involved_in	IMP	UniProtKB
P42841	GO:0006397	involved_in	IDA	UniProtKB
P42841	GO:0006397	involved_in	IMP	UniProtKB
Q09849	GO:0045815	involved_in	IC	UniProtKB
A6NJV1	GO:0005879	located_in	IDA	UniProtKB
X5M5N0	GO:0140693	enables	IDA	UniProtKB
X5M5N0	GO:0140694	involved_in	IDA	UniProtKB
X5M5N0	GO:0071474	involved_in	IDA	UniProtKB
X5M5N0	GO:0006884	involved_in	IDA	UniProtKB
Q16531	GO:0044725	involved_in	IDA	UniProtKB
Q16531	GO:0007056	involved_in	IDA	UniProtKB
Q16531	GO:0005730	is_active_in	IDA	UniProtKB
Q16531	GO:0160072	enables	IDA	UniProtKB
P21279	GO:0030234	enables	IMP	UniProtKB
Q803I4	GO:0048484	acts_upstream_of_or_within	IMP	UniProtKB
Q803I4	GO:1905292	acts_upstream_of_or_within	IMP	UniProtKB
Q803I4	GO:1905295	acts_upstream_of_or_within	IMP	UniProtKB
Q803I4	GO:0007417	acts_upstream_of_or_within	IMP	UniProtKB
Q9CX34	GO:0014841	involved_in	IDA	UniProtKB
Q9CX34	GO:0014841	involved_in	IMP	UniProtKB
Q9CX34	GO:0005737	located_in	IDA	UniProtKB
Q9CX34	GO:0000776	located_in	IDA	UniProtKB
Q9CX34	GO:0007051	involved_in	IMP	UniProtKB
Q9CX34	GO:0051382	involved_in	IMP	UniProtKB
Q9CX34	GO:0106222	enables	IPI	UniProtKB
P22004	GO:0005515	enables	IPI	UniProtKB
D4AB34	GO:0043066	involved_in	IMP	UniProtKB
D4AB34	GO:0051897	involved_in	IMP	UniProtKB
O43272	GO:1903376	involved_in	IDA	UniProtKB
Q9D824	GO:0031440	involved_in	IC	UniProtKB
Q9D824	GO:0030234	enables	IC	UniProtKB
Q10295	GO:0180010	involved_in	IC	UniProtKB
O74471	GO:0004129	contributes_to	IDA	UniProtKB
O74471	GO:0006123	involved_in	IDA	UniProtKB
Q96SL1	GO:0031923	involved_in	IDA	UniProtKB
Q96SL1	GO:0005765	located_in	IDA	UniProtKB
P56286	GO:0180014	enables	TAS	UniProtKB
P08228	GO:0010467	involved_in	IMP	UniProtKB
P08228	GO:0019228	involved_in	IMP	UniProtKB
P08228	GO:0099610	involved_in	IMP	UniProtKB
Q15075	GO:0031901	located_in	IDA	UniProtKB
Q8CIG3	GO:0071514	involved_in	IMP	UniProtKB
Q09948	GO:0045815	involved_in	IC	UniProtKB
Q9JMB7	GO:0141006	involved_in	IMP	UniProtKB
Q9JMB7	GO:0140990	involved_in	IMP	UniProtKB
P0DM64	GO:0106071	acts_upstream_of_or_within	IMP	UniProtKB
Q9I8N6	GO:0030318	acts_upstream_of_or_within	IMP	UniProtKB
Q9I8N6	GO:0031641	acts_upstream_of_or_within	IMP	UniProtKB
Q59RL7	GO:0001216	enables	IMP	UniProtKB
Q02094	GO:0170014	part_of	IDA	UniProtKB
Q05928	GO:0030297	enables	IDA	UniProtKB
Q05928	GO:0030297	enables	IGI	UniProtKB
O01382	GO:0006915	involved_in	IDA	UniProtKB
O01382	GO:0006915	involved_in	IGI	UniProtKB
O01382	GO:0045751	involved_in	IMP	UniProtKB
Q8K3Z0	GO:0010508	involved_in	IDA	UniProtKB
Q8K3Z0	GO:0034976	involved_in	IDA	UniProtKB
Q8K3Z0	GO:0038187	enables	IDA	UniProtKB
Q8K3Z0	GO:0038187	enables	IMP	UniProtKB
Q8K3Z0	GO:1901526	involved_in	IMP	UniProtKB
Q8K3Z0	GO:0032098	involved_in	IMP	UniProtKB
Q8K3Z0	GO:0042742	involved_in	IMP	UniProtKB
Q8K3Z0	GO:0048874	involved_in	IMP	UniProtKB
Q8K3Z0	GO:0001659	involved_in	IMP	UniProtKB
Q8K3Z0	GO:0036335	involved_in	IMP	UniProtKB
Q9VKM1	GO:0141006	involved_in	IMP	UniProtKB
Q9VKM1	GO:0141005	involved_in	IMP	UniProtKB
Q07560	GO:0043337	enables	IDA	UniProtKB
Q07560	GO:0043337	enables	IMP	UniProtKB
Q16552	GO:0009611	involved_in	IDA	UniProtKB
O15111	GO:0034142	involved_in	IDA	UniProtKB
O76357	GO:0140367	involved_in	IMP	UniProtKB
O00329	GO:0016303	enables	TAS	UniProtKB
Q8C6P8	GO:0044726	involved_in	IGI	UniProtKB
P0C5Y8	GO:0051036	involved_in	IMP	UniProtKB
Q9Y4E5	GO:0016605	located_in	IDA	UniProtKB
B0YJ81	GO:0018812	enables	IDA	UniProtKB
B0YJ81	GO:0018812	enables	EXP	UniProtKB
P02828	GO:0097753	involved_in	IDA	UniProtKB
P02828	GO:0098866	involved_in	IMP	UniProtKB
P31645	GO:0005178	enables	IDA	UniProtKB
P31645	GO:0015297	enables	IDA	UniProtKB
P70289	GO:0004725	enables	IDA	UniProtKB
Q5S007	GO:2000377	involved_in	IMP	UniProtKB
Q5S007	GO:0034614	involved_in	IMP	UniProtKB
O13901	GO:0006654	involved_in	IMP	UniProtKB
Q5TEU4	GO:0099617	located_in	IDA	UniProtKB
P07908	GO:0006260	involved_in	IMP	UniProtKB
P07908	GO:0005515	enables	IPI	UniProtKB
Q9UL16	GO:0005879	located_in	IDA	UniProtKB
Q95Q89	GO:0061629	enables	IPI	UniProtKB
O94502	GO:1990544	involved_in	IC	UniProtKB
Q96PH6	GO:0140912	enables	IDA	UniProtKB
Q9U325	GO:0042826	enables	IPI	UniProtKB
Q5JVL4	GO:0005879	located_in	IDA	UniProtKB
P52815	GO:0005759	located_in	IDA	UniProtKB
P25874	GO:0015078	enables	IDA	UniProtKB
P25874	GO:0036041	enables	IDA	UniProtKB
Q9Z2B2	GO:1900407	involved_in	IDA	UniProtKB
Q9CYC5	GO:0000776	located_in	IDA	UniProtKB
Q9CYC5	GO:0014841	involved_in	IMP	UniProtKB
Q8MKW7	GO:1990180	involved_in	IMP	UniProtKB
Q9D8T2	GO:0031966	located_in	IDA	UniProtKB
O14233	GO:0180010	involved_in	IC	UniProtKB
O74740	GO:0180010	involved_in	IC	UniProtKB
Q8N3F8	GO:0010009	located_in	IDA	UniProtKB
Q9D1X0	GO:0062099	involved_in	IMP	UniProtKB
Q99JG2	GO:0034614	involved_in	IMP	UniProtKB
Q7LBE3	GO:0010008	is_active_in	IDA	UniProtKB
Q7LBE3	GO:0005789	is_active_in	IDA	UniProtKB
Q7LBE3	GO:0000139	is_active_in	IDA	UniProtKB
Q29599	GO:1904188	involved_in	IDA	UniProtKB
P53983	GO:0043161	involved_in	IMP	UniProtKB
Q8BS35	GO:0019432	involved_in	IMP	UniProtKB
E7EYQ9	GO:0035845	acts_upstream_of_or_within	IMP	UniProtKB
Q4QRK0	GO:0006882	acts_upstream_of_or_within	IMP	UniProtKB
A4D1P6	GO:0010008	located_in	IDA	UniProtKB
P12425	GO:0016595	enables	IDA	UniProtKB
Q09914	GO:0019003	enables	IDA	UniProtKB
Q9BZV1	GO:0016020	located_in	IDA	UniProtKB
Q54SP2	GO:0097204	is_active_in	IDA	UniProtKB
Q54SP2	GO:0070685	is_active_in	IDA	UniProtKB
Q54SP2	GO:0070060	involved_in	IDA	UniProtKB
Q54SP2	GO:0030866	involved_in	IGI	UniProtKB
Q54SP2	GO:0006911	involved_in	IGI	UniProtKB
Q54SP2	GO:0005515	enables	IPI	UniProtKB
Q86W26	GO:0009898	located_in	IDA	UniProtKB
Q86W26	GO:0002218	involved_in	IMP	UniProtKB
Q9D9V4	GO:0097729	located_in	IDA	UniProtKB
Q9D9V4	GO:0001534	part_of	IDA	UniProtKB
Q9BXF9	GO:0005879	located_in	IDA	UniProtKB
Q9H8P0	GO:0047751	enables	IDA	UniProtKB
Q9H8P0	GO:0102389	enables	IGI	UniProtKB
Q99M87	GO:0009898	located_in	IDA	UniProtKB
Q5SWZ9	GO:0071514	involved_in	IMP	UniProtKB
Q9JJW0	GO:0046485	involved_in	IMP	UniProtKB
P63087	GO:0007283	involved_in	IMP	UniProtKB
P63087	GO:0001824	involved_in	IMP	UniProtKB
Q60857	GO:0048484	involved_in	IMP	UniProtKB
Q60857	GO:0070527	involved_in	IMP	UniProtKB
Q95TS5	GO:0005829	located_in	IDA	UniProtKB
Q95TS5	GO:0005634	located_in	IDA	UniProtKB
Q95TS5	GO:0030514	involved_in	IMP	UniProtKB
F4K3G5	GO:0141005	involved_in	IDA	UniProtKB
F4K3G5	GO:0141005	involved_in	IMP	UniProtKB
F4K3G5	GO:0035064	enables	IDA	UniProtKB
F4K3G5	GO:1902290	involved_in	IMP	UniProtKB
F4K3G5	GO:0031347	involved_in	IMP	UniProtKB
F4K3G5	GO:0031060	involved_in	IMP	UniProtKB
F4K3G5	GO:0060147	acts_upstream_of_or_within	IMP	UniProtKB
Q9UT39	GO:0180010	involved_in	IC	UniProtKB
Q9UTE3	GO:0180010	involved_in	IMP	UniProtKB
Q9USV1	GO:0006310	involved_in	IDA	UniProtKB
Q8N1D5	GO:0005879	located_in	IDA	UniProtKB
O14196	GO:0045815	involved_in	IMP	UniProtKB
O43909	GO:0045617	involved_in	IDA	UniProtKB
Q5VU69	GO:0005879	located_in	IDA	UniProtKB
Q924B5	GO:0009986	located_in	IDA	UniProtKB
Q924B5	GO:0051480	involved_in	IDA	UniProtKB
Q924B5	GO:0045575	involved_in	IDA	UniProtKB
Q9QXV8	GO:0045742	involved_in	IMP	UniProtKB
Q9QXV8	GO:0055105	enables	IMP	UniProtKB
Q9QXV8	GO:0140678	enables	IMP	UniProtKB
G8XYX6	GO:2000609	acts_upstream_of_or_within	IMP	UniProtKB
A8MQ03	GO:0061436	involved_in	IDA	UniProtKB
A8MQ03	GO:0001533	located_in	IDA	UniProtKB
A8MQ03	GO:0051702	involved_in	IDA	UniProtKB
P68040	GO:1903751	involved_in	IGI	UniProtKB
P52298	GO:0016071	involved_in	IMP	UniProtKB
P35603	GO:0070266	involved_in	IGI	UniProtKB
P91929	GO:0005747	part_of	IDA	UniProtKB
P91929	GO:0006120	involved_in	IC	UniProtKB
Q9H1P3	GO:0009898	located_in	IDA	UniProtKB
Q5RZ65	GO:0060575	acts_upstream_of_or_within	IMP	UniProtKB
Q96M98	GO:0005879	located_in	IDA	UniProtKB
O02482	GO:0061629	enables	IPI	UniProtKB
Q8BGF8	GO:0015786	involved_in	IDA	UniProtKB
Q8BGF8	GO:0031901	is_active_in	IDA	UniProtKB
Q8BGF8	GO:0005460	enables	IDA	UniProtKB
Q8BGF8	GO:0030674	enables	IDA	UniProtKB
Q8BGF8	GO:0060155	involved_in	IMP	UniProtKB
Q8BGF8	GO:0010508	involved_in	IMP	UniProtKB
Q5DTT8	GO:0072687	located_in	IDA	UniProtKB
Q5DTT8	GO:0005938	located_in	IDA	UniProtKB
Q5DTT8	GO:0007127	involved_in	IMP	UniProtKB
P34096	GO:0019731	involved_in	IMP	UniProtKB
Q38912	GO:0048446	acts_upstream_of_or_within	IMP	UniProtKB
Q38912	GO:0051211	acts_upstream_of_or_within_negative_effect	IMP	UniProtKB
Q38912	GO:0043622	acts_upstream_of_or_within	IMP	UniProtKB
J3QPC3	GO:0004239	enables	IDA	UniProtKB
J3QPC3	GO:0016485	involved_in	IDA	UniProtKB
Q61880	GO:0007131	involved_in	IDA	UniProtKB
Q07407	GO:0005886	is_active_in	IDA	UniProtKB
Q07407	GO:0106091	acts_upstream_of_positive_effect	IMP	UniProtKB
P63094	GO:0010854	enables	IMP	UniProtKB
Q24306	GO:0045752	involved_in	IMP	UniProtKB
Q9VFS6	GO:0005829	located_in	IDA	UniProtKB
Q9VFS6	GO:0030514	involved_in	IMP	UniProtKB
P56523	GO:0040029	involved_in	IMP	UniProtKB
A2CEI6	GO:0010628	acts_upstream_of_or_within	IGI	UniProtKB
A2CEI6	GO:0010991	acts_upstream_of_or_within	IPI	UniProtKB
P42227	GO:0032991	part_of	IDA	UniProtKB
Q9H1P6	GO:0005929	located_in	IDA	UniProtKB
Q12102	GO:0006397	involved_in	IDA	UniProtKB
P29355	GO:0007173	involved_in	IGI	UniProtKB
P29355	GO:0007173	involved_in	IMP	UniProtKB
P29355	GO:0030334	involved_in	IMP	UniProtKB
P29355	GO:0061062	involved_in	IMP	UniProtKB
O54839	GO:0007492	involved_in	IMP	UniProtKB
O54839	GO:0048382	involved_in	IMP	UniProtKB
O54839	GO:0009653	involved_in	IMP	UniProtKB
Q54QB1	GO:0070371	involved_in	IMP	UniProtKB
Q54QB1	GO:0031005	enables	IPI	UniProtKB
Q54QB1	GO:0031267	enables	IPI	UniProtKB
P28862	GO:0034614	involved_in	IMP	UniProtKB
Q8VD46	GO:0071514	involved_in	IMP	UniProtKB
P10599	GO:0061692	involved_in	IGI	UniProtKB
P06730	GO:0016607	located_in	IDA	UniProtKB
P06730	GO:0005634	located_in	IDA	UniProtKB
A8DZE6	GO:0010882	acts_upstream_of_or_within	IMP	UniProtKB
P18858	GO:0005515	enables	IPI	UniProtKB
P00915	GO:0018820	enables	IDA	UniProtKB
Q24570	GO:0043065	involved_in	IDA	UniProtKB
Q5ABE2	GO:0044010	acts_upstream_of_or_within	IMP	UniProtKB
P11531	GO:0043403	involved_in	IGI	UniProtKB
P11531	GO:0043403	involved_in	IMP	UniProtKB
Q04690	GO:0070372	involved_in	IGI	UniProtKB
Q04690	GO:0070372	involved_in	IMP	UniProtKB
Q04690	GO:0060291	involved_in	IGI	UniProtKB
Q04690	GO:0060291	involved_in	IMP	UniProtKB
Q5ANJ4	GO:0001216	enables	IMP	UniProtKB
Q96RN1	GO:0097227	located_in	IDA	UniProtKB
Q96RN1	GO:0160044	enables	IDA	UniProtKB
Q9UTN3	GO:0043634	involved_in	IMP	UniProtKB
I1RFC6	GO:0008047	enables	IMP	UniProtKB
Q8N1V2	GO:0005879	located_in	IDA	UniProtKB
O13788	GO:0045815	involved_in	IC	UniProtKB
P29597	GO:0005886	is_active_in	TAS	UniProtKB
Q5RLM2	GO:0015347	enables	IDA	UniProtKB
Q5RLM2	GO:0015732	involved_in	IDA	UniProtKB
Q5RLM2	GO:0016323	located_in	IDA	UniProtKB
Q5RLM2	GO:0016324	located_in	IDA	UniProtKB
Q5RLM2	GO:0015132	enables	IDA	UniProtKB
Q5U3H2	GO:0042799	enables	IGI	UniProtKB
Q01662	GO:0004239	enables	IMP	UniProtKB
Q01662	GO:0016485	involved_in	IMP	UniProtKB
O17323	GO:0061629	enables	IPI	UniProtKB
Q6ZQR2	GO:0005879	located_in	IDA	UniProtKB
Q9ZP20	GO:0015035	enables	IDA	UniProtKB
P53895	GO:0043161	involved_in	IMP	UniProtKB
P09088	GO:0061629	enables	IPI	UniProtKB
Q969V4	GO:0005879	located_in	IDA	UniProtKB
Q8VCL5	GO:0141013	involved_in	IDA	UniProtKB
Q8VCL5	GO:0141013	involved_in	IMP	UniProtKB
Q8VCL5	GO:0160042	enables	IDA	UniProtKB
Q8VCL5	GO:0160042	enables	IMP	UniProtKB
Q9VKH6	GO:0008474	enables	IGI	UniProtKB
P58801	GO:0004674	enables	IDA	UniProtKB
P58801	GO:0071225	involved_in	IDA	UniProtKB
Q9P7S6	GO:0045815	involved_in	IC	UniProtKB
Q03555	GO:0009898	located_in	IDA	UniProtKB
Q562E7	GO:0010008	located_in	IDA	UniProtKB
O02194	GO:0042500	enables	IDA	UniProtKB
Q8WW24	GO:0005879	located_in	IDA	UniProtKB
P12023	GO:0180011	involved_in	IDA	UniProtKB
P32495	GO:0006364	involved_in	IMP	UniProtKB
Q61521	GO:0030297	enables	IDA	UniProtKB
Q61521	GO:0030297	enables	IGI	UniProtKB
Q1MTQ1	GO:0051010	enables	EXP	UniProtKB
Q17446	GO:0061629	enables	IPI	UniProtKB
O88508	GO:0071514	involved_in	IMP	UniProtKB
Q924X1	GO:0030297	enables	IDA	UniProtKB
Q924X1	GO:0030297	enables	IGI	UniProtKB
Q9P6P7	GO:0180010	involved_in	IC	UniProtKB
P81073	GO:0003876	enables	IDA	UniProtKB
P16050	GO:0009898	located_in	IDA	UniProtKB
P60484	GO:0007056	involved_in	IDA	UniProtKB
P60484	GO:0052866	enables	IDA	UniProtKB
Q9USX3	GO:0180016	enables	EXP	UniProtKB
P34308	GO:0070266	involved_in	IGI	UniProtKB
Q9VNS0	GO:0141006	involved_in	IMP	UniProtKB
A1ZAK1	GO:0005829	located_in	IDA	UniProtKB
A1ZAK1	GO:0005634	located_in	IDA	UniProtKB
A1ZAK1	GO:0030514	involved_in	IMP	UniProtKB
Q13469	GO:0051216	involved_in	IMP	UniProtKB
P03967	GO:0070371	involved_in	IMP	UniProtKB
P03967	GO:0043422	enables	IPI	UniProtKB
P03967	GO:0031005	enables	IPI	UniProtKB
P03967	GO:0051019	enables	IPI	UniProtKB
Q9Y6N7	GO:0030949	involved_in	IMP	UniProtKB
Q96S82	GO:0060090	enables	IDA	UniProtKB
Q96S82	GO:0005737	is_active_in	IDA	UniProtKB
P49758	GO:0016020	located_in	IDA	UniProtKB
P21534	GO:0005751	part_of	IDA	UniProtKB
O14139	GO:0045815	involved_in	IMP	UniProtKB
Q6PGN1	GO:0045671	acts_upstream_of	IMP	UniProtKB
Q6PGN1	GO:0045668	involved_in	IMP	UniProtKB
Q6PGN1	GO:0043066	involved_in	IMP	UniProtKB
Q6PGN1	GO:0051897	involved_in	IMP	UniProtKB
Q6PGN1	GO:0005515	enables	IPI	UniProtKB
P25318	GO:0001935	involved_in	IGI	UniProtKB
Q9P7I7	GO:0045815	involved_in	IMP	UniProtKB
C0HLB3	GO:0070266	involved_in	IGI	UniProtKB
O70421	GO:1903377	involved_in	IMP	UniProtKB
Q9BUX1	GO:0061928	enables	IDA	UniProtKB
P51577	GO:0035381	enables	IDA	UniProtKB
P51577	GO:0005765	located_in	IDA	UniProtKB
P07657	GO:0004129	contributes_to	IDA	UniProtKB
P07657	GO:0005751	part_of	IDA	UniProtKB
P07657	GO:0006123	involved_in	IDA	UniProtKB
Q96Q11	GO:0160016	enables	IDA	UniProtKB
Q38944	GO:0047751	enables	IDA	UniProtKB
Q38944	GO:0047751	enables	IMP	UniProtKB
Q9UT86	GO:0061630	enables	TAS	UniProtKB
Q8TCC7	GO:0042910	enables	IDA	UniProtKB
Q8NC51	GO:0141014	involved_in	IDA	UniProtKB
Q9W192	GO:0090090	involved_in	IMP	UniProtKB
Q9W192	GO:0140032	enables	IPI	UniProtKB
A0A0N9E2K8	GO:0060971	acts_upstream_of_or_within	IMP	UniProtKB
A0A0N9E2K8	GO:1901207	acts_upstream_of_or_within	IMP	UniProtKB
O02002	GO:0045751	involved_in	IMP	UniProtKB
Q9UBV4	GO:2001234	involved_in	IMP	UniProtKB
P48751	GO:0098901	involved_in	IMP	UniProtKB
P48751	GO:0045851	involved_in	IMP	UniProtKB
Q9VV73	GO:0141006	acts_upstream_of_or_within_positive_effect	IMP	UniProtKB
Q9VV73	GO:0141006	acts_upstream_of_positive_effect	IMP	UniProtKB
Q9XYF4	GO:0097300	involved_in	IMP	UniProtKB
Q9Y6N1	GO:0006754	involved_in	IMP	UniProtKB
Q11184	GO:0061629	enables	IPI	UniProtKB
Q9Y289	GO:0015111	enables	IDA	UniProtKB
Q9Y289	GO:0016324	located_in	IDA	UniProtKB
Q9Y289	GO:0015878	involved_in	IDA	UniProtKB
Q9Y289	GO:0015878	involved_in	IMP	UniProtKB
Q8NEH6	GO:0005879	located_in	IDA	UniProtKB
G2TRP5	GO:0004129	contributes_to	IDA	UniProtKB
G2TRP5	GO:0005751	part_of	IDA	UniProtKB
G2TRP5	GO:0006123	involved_in	IDA	UniProtKB
Q6NTF7	GO:0044828	involved_in	IMP	UniProtKB
Q6NTF7	GO:0044355	involved_in	IDA	UniProtKB
P25963	GO:0140313	enables	IDA	UniProtKB
Q16236	GO:0001228	enables	IMP	UniProtKB
P18932	GO:0005747	part_of	IDA	UniProtKB
P18932	GO:0006120	involved_in	IC	UniProtKB
E9PYQ0	GO:0097729	located_in	IDA	UniProtKB
E9PYQ0	GO:0005930	located_in	IDA	UniProtKB
P29972	GO:0170014	part_of	IDA	UniProtKB
Q9P4W1	GO:0004129	contributes_to	IDA	UniProtKB
Q9P4W1	GO:0005751	part_of	IDA	UniProtKB
A0FGR9	GO:0009898	located_in	IDA	UniProtKB
Q93009	GO:0016605	is_active_in	IDA	UniProtKB
Q93009	GO:0075342	involved_in	IDA	UniProtKB
P0DOY1	GO:0141006	involved_in	IMP	UniProtKB
P0DOY1	GO:0141005	involved_in	IMP	UniProtKB
Q9UER7	GO:0036480	involved_in	IGI	UniProtKB
Q94BS2	GO:0098572	located_in	IDA	UniProtKB
Q3UFY4	GO:0005515	enables	IPI	UniProtKB
A3KMT2	GO:0141014	involved_in	IDA	UniProtKB
A3KMT2	GO:0031369	enables	IDA	UniProtKB
A3KMT2	GO:0030371	enables	IDA	UniProtKB
A3KMT2	GO:0043022	enables	IDA	UniProtKB
O35929	GO:0030315	located_in	IDA	UniProtKB
O35929	GO:1904878	involved_in	IDA	UniProtKB
O35929	GO:0014722	involved_in	IDA	UniProtKB
O35929	GO:0031674	located_in	IDA	UniProtKB
O35929	GO:0044325	enables	IPI	UniProtKB
G5ECL2	GO:0070266	involved_in	IGI	UniProtKB
A1L314	GO:0140911	enables	IDA	UniProtKB
Q92985	GO:0000785	part_of	IDA	UniProtKB
G2TRN4	GO:0043628	involved_in	EXP	UniProtKB
Q54WH2	GO:0030587	acts_upstream_of_or_within	IGI	UniProtKB
Q54WH2	GO:0000281	acts_upstream_of_or_within	IGI	UniProtKB
P06028	GO:0170014	part_of	IDA	UniProtKB
Q9H306	GO:0005789	located_in	IDA	UniProtKB
P34540	GO:0070266	involved_in	IGI	UniProtKB
P17095	GO:0005737	located_in	IDA	UniProtKB
P17095	GO:0005739	located_in	IDA	UniProtKB
P17095	GO:0000979	enables	IDA	UniProtKB
P17095	GO:0062037	enables	IDA	UniProtKB
P17095	GO:0043491	involved_in	IMP	UniProtKB
P17095	GO:0030073	involved_in	IMP	UniProtKB
P17095	GO:0033762	involved_in	IMP	UniProtKB
P17095	GO:0010467	involved_in	IMP	UniProtKB
P17095	GO:0002320	involved_in	IMP	UniProtKB
P17095	GO:0022008	involved_in	IMP	UniProtKB
P17095	GO:0030218	involved_in	IMP	UniProtKB
P17095	GO:0042593	involved_in	IMP	UniProtKB
P17095	GO:0008286	involved_in	IMP	UniProtKB
P17095	GO:0032868	involved_in	IMP	UniProtKB
P17095	GO:0030217	involved_in	IMP	UniProtKB
P17095	GO:0006325	involved_in	IMP	UniProtKB
P17095	GO:0008283	involved_in	IMP	UniProtKB
P17095	GO:0051591	involved_in	IMP	UniProtKB
P17095	GO:0005515	enables	IPI	UniProtKB
P55010	GO:0042255	involved_in	IDA	UniProtKB
P18934	GO:0005747	part_of	IDA	UniProtKB
P18934	GO:0006120	involved_in	IC	UniProtKB
P16591	GO:0009898	located_in	IDA	UniProtKB
Q96H86	GO:0071385	involved_in	IDA	UniProtKB
Q96H86	GO:0005634	is_active_in	IDA	UniProtKB
Q96H86	GO:0003712	enables	IDA	UniProtKB
Q96H86	GO:0140297	enables	IDA	UniProtKB
P41251	GO:0051139	enables	IDA	UniProtKB
P41251	GO:0005765	located_in	IDA	UniProtKB
P41251	GO:0031902	located_in	IDA	UniProtKB
P41251	GO:0006826	involved_in	IDA	UniProtKB
P41251	GO:0005381	enables	IDA	UniProtKB
P35359	GO:0009881	enables	IDA	UniProtKB
Q9H5I1	GO:1990756	enables	IDA	UniProtKB
Q9H5I1	GO:0044725	involved_in	IDA	UniProtKB
Q9H5I1	GO:0005634	is_active_in	IDA	UniProtKB
C0SPC1	GO:0019200	enables	IDA	UniProtKB
C0SPC1	GO:0004747	enables	IDA	UniProtKB
C0SPC1	GO:0005524	enables	IDA	UniProtKB
C0SPC1	GO:0016773	enables	IDA	UniProtKB
C0SPC1	GO:0006974	involved_in	IMP	UniProtKB
C0SPC1	GO:0006270	involved_in	IMP	UniProtKB
P39055	GO:0070266	involved_in	IGI	UniProtKB
Q9Y3E5	GO:0005741	located_in	IDA	UniProtKB
Q60591	GO:0051216	involved_in	IMP	UniProtKB
Q60591	GO:0071277	involved_in	IDA	UniProtKB
Q60591	GO:0010467	involved_in	IMP	UniProtKB
Q94519	GO:0005747	part_of	IDA	UniProtKB
Q94519	GO:0006120	involved_in	IC	UniProtKB
Q63424	GO:0140207	involved_in	IDA	UniProtKB
Q63424	GO:0042937	enables	IDA	UniProtKB
O94446	GO:0140861	involved_in	IMP	UniProtKB
Q5VWC8	GO:0018812	enables	IDA	UniProtKB
Q54QC8	GO:0006904	involved_in	IMP	UniProtKB
P19221	GO:0007186	involved_in	IDA	UniProtKB
P19221	GO:0007186	involved_in	IMP	UniProtKB
Q5T6F0	GO:0042110	involved_in	IDA	UniProtKB
Q5T6F0	GO:0005829	is_active_in	IDA	UniProtKB
Q8CCS6	GO:0031440	involved_in	TAS	UniProtKB
Q8CEL2	GO:0007290	involved_in	IMP	UniProtKB
Q8CEL2	GO:0030317	involved_in	IMP	UniProtKB
Q8CEL2	GO:0120316	involved_in	IMP	UniProtKB
Q8CEL2	GO:0001536	part_of	IPI	UniProtKB
Q8CEL2	GO:0005515	enables	IPI	UniProtKB
Q99683	GO:0036480	involved_in	IGI	UniProtKB
Q5VTH2	GO:0005879	located_in	IDA	UniProtKB
Q63406	GO:0035556	involved_in	IDA	UniProtKB
Q8N104	GO:0016020	located_in	IDA	UniProtKB
Q6ZN16	GO:0004709	enables	IDA	UniProtKB
Q6PRD1	GO:0030425	is_active_in	IDA	UniProtKB
Q9NRW3	GO:0044355	involved_in	IDA	UniProtKB
Q5D1E7	GO:0006402	involved_in	IDA	UniProtKB
Q5D1E7	GO:0030867	located_in	IDA	UniProtKB
P19474	GO:0044314	involved_in	IDA	UniProtKB
Q91ZP3	GO:0005789	located_in	IDA	UniProtKB
Q91ZP3	GO:0019432	involved_in	IMP	UniProtKB
Q5JST6	GO:0005879	located_in	IDA	UniProtKB
P05648	GO:1990101	part_of	IDA	UniProtKB
Q558Z9	GO:0005515	enables	IPI	UniProtKB
Q24151	GO:0036335	involved_in	IMP	UniProtKB
P21278	GO:0030234	enables	IMP	UniProtKB
Q54FB9	GO:0140220	located_in	IDA	UniProtKB
Q54FB9	GO:0036019	located_in	IDA	UniProtKB
Q54FB9	GO:0050830	involved_in	IMP	UniProtKB
Q54FB9	GO:0010468	involved_in	IMP	UniProtKB
Q9USU3	GO:0000018	involved_in	IDA	UniProtKB
O04316	GO:0009845	involved_in	IEP	UniProtKB
Q9WUD9	GO:0048008	involved_in	IEP	UniProtKB
Q9WUD9	GO:0008284	involved_in	IMP	UniProtKB
Q9WUD9	GO:0010629	involved_in	IMP	UniProtKB
Q9WUD9	GO:0051897	involved_in	IMP	UniProtKB
Q9WUD9	GO:0014068	involved_in	IMP	UniProtKB
Q9HC29	GO:0019897	is_active_in	IDA	UniProtKB
Q9HC29	GO:0043130	enables	IDA	UniProtKB
Q02720	GO:0004672	enables	IDA	UniProtKB
Q02720	GO:0006281	involved_in	TAS	UniProtKB
O14021	GO:0045815	involved_in	IC	UniProtKB
Q01147	GO:0043066	involved_in	IMP	UniProtKB
Q9VWI0	GO:0005747	part_of	IDA	UniProtKB
Q9VWI0	GO:0006120	involved_in	IC	UniProtKB
Q9Z351	GO:0098976	involved_in	IDA	UniProtKB
Q9Z351	GO:0010467	involved_in	IDA	UniProtKB
Q9Z351	GO:0010467	involved_in	IMP	UniProtKB
Q9Z351	GO:0010996	involved_in	IDA	UniProtKB
Q9Z351	GO:0010996	involved_in	IGI	UniProtKB
Q9Z351	GO:0009410	involved_in	IDA	UniProtKB
Q9Z351	GO:0014070	involved_in	IDA	UniProtKB
Q9Z351	GO:0071466	involved_in	IDA	UniProtKB
Q9Z351	GO:0071277	involved_in	IDA	UniProtKB
Q9Z351	GO:0001508	involved_in	IDA	UniProtKB
Q9Z351	GO:0001508	involved_in	IMP	UniProtKB
Q9Z351	GO:0099610	involved_in	IDA	UniProtKB
Q9Z351	GO:0099610	involved_in	IGI	UniProtKB
Q9Z351	GO:0099610	involved_in	IMP	UniProtKB
Q9Z351	GO:0021675	involved_in	IGI	UniProtKB
Q9Z351	GO:0021675	involved_in	IMP	UniProtKB
Q9Z351	GO:0008340	involved_in	IGI	UniProtKB
Q9Z351	GO:0008340	involved_in	IMP	UniProtKB
Q9Z351	GO:0021542	involved_in	IGI	UniProtKB
Q9Z351	GO:0007605	involved_in	IGI	UniProtKB
Q9Z351	GO:0035725	involved_in	IGI	UniProtKB
Q9Z351	GO:0099611	involved_in	IGI	UniProtKB
Q9Z351	GO:0005267	enables	IGI	UniProtKB
Q9Z351	GO:0005267	enables	IMP	UniProtKB
Q9Z351	GO:0042391	involved_in	IMP	UniProtKB
Q9Z351	GO:0051882	involved_in	IMP	UniProtKB
Q9Z351	GO:0097314	involved_in	IMP	UniProtKB
Q9Z351	GO:0006606	involved_in	IMP	UniProtKB
Q9Z351	GO:0051402	involved_in	IMP	UniProtKB
Q9Z351	GO:0097432	involved_in	IMP	UniProtKB
Q9Z351	GO:0021766	involved_in	IMP	UniProtKB
Q9Z351	GO:0009612	involved_in	IMP	UniProtKB
Q9Z351	GO:0048167	involved_in	IMP	UniProtKB
Q9Z351	GO:0034220	involved_in	IMP	UniProtKB
Q9Z351	GO:0007612	involved_in	IMP	UniProtKB
Q9Z351	GO:0030010	involved_in	IMP	UniProtKB
Q9Z351	GO:0050890	involved_in	IMP	UniProtKB
Q9Z351	GO:0061744	involved_in	IMP	UniProtKB
Q9Z351	GO:0007613	involved_in	IMP	UniProtKB
Q9Z351	GO:0009266	involved_in	IMP	UniProtKB
Q9Z351	GO:0019228	involved_in	IMP	UniProtKB
Q9Z351	GO:0036343	involved_in	IMP	UniProtKB
Q9Z351	GO:0007625	involved_in	IMP	UniProtKB
Q9Z351	GO:0015031	involved_in	IMP	UniProtKB
Q9Z351	GO:1903701	involved_in	IMP	UniProtKB
Q9Z351	GO:0035176	involved_in	IMP	UniProtKB
Q9Z351	GO:0035640	involved_in	IMP	UniProtKB
Q9Z351	GO:0007420	involved_in	IMP	UniProtKB
P82914	GO:0005759	located_in	IDA	UniProtKB
Q9JJH1	GO:0019731	involved_in	IDA	UniProtKB
Q9JJ66	GO:0000776	located_in	IDA	UniProtKB
Q9Y274	GO:0006486	involved_in	IDA	UniProtKB
Q13546	GO:0062100	involved_in	IMP	UniProtKB
Q13546	GO:0006979	involved_in	IMP	UniProtKB
O96923	GO:0031005	enables	IPI	UniProtKB
O96923	GO:0031267	enables	IPI	UniProtKB
Q9NRD5	GO:0071514	involved_in	TAS	UniProtKB
Q9CWR8	GO:0141005	involved_in	IMP	UniProtKB
Q03164	GO:0040029	involved_in	IMP	UniProtKB
P42003	GO:0036335	involved_in	IEP	UniProtKB
P97471	GO:0030154	involved_in	IMP	UniProtKB
P97471	GO:0048382	involved_in	IMP	UniProtKB
P97471	GO:0009653	involved_in	IMP	UniProtKB
P46530	GO:0048259	acts_upstream_of_or_within	IGI	UniProtKB
P46530	GO:0048936	acts_upstream_of_or_within	IGI	UniProtKB
P46530	GO:0009952	acts_upstream_of_or_within	IMP	UniProtKB
P46530	GO:0048699	acts_upstream_of_or_within	IMP	UniProtKB
P46530	GO:0048337	acts_upstream_of_or_within	IMP	UniProtKB
O09049	GO:0009609	involved_in	IDA	UniProtKB
O09049	GO:2000972	involved_in	IMP	UniProtKB
O75382	GO:0005794	is_active_in	IDA	UniProtKB
P86547	GO:0005179	enables	IDA	UniProtKB
P86547	GO:0005179	enables	IMP	UniProtKB
P86547	GO:0005576	is_active_in	IMP	UniProtKB
P86547	GO:0008147	enables	IMP	UniProtKB
P86547	GO:1903011	involved_in	IMP	UniProtKB
Q9D9J2	GO:0036126	located_in	IDA	UniProtKB
Q3TYX3	GO:0141005	involved_in	IMP	UniProtKB
P13528	GO:0061629	enables	IPI	UniProtKB
Q62844	GO:1902176	involved_in	IMP	UniProtKB
O43707	GO:0045944	involved_in	IMP	UniProtKB
Q09699	GO:0045815	involved_in	IC	UniProtKB
P02724	GO:0170014	part_of	IDA	UniProtKB
G5EBZ4	GO:0061629	enables	IPI	UniProtKB
P47793	GO:0048703	acts_upstream_of_or_within	IGI	UniProtKB
P47793	GO:0048703	acts_upstream_of_or_within	IMP	UniProtKB
Q9NNW5	GO:0002130	involved_in	IDA	UniProtKB
Q9NNW5	GO:0030234	enables	IDA	UniProtKB
Q9NNW5	GO:0000049	enables	IDA	UniProtKB
O60603	GO:0034134	involved_in	IDA	UniProtKB
Q09698	GO:0045815	involved_in	IC	UniProtKB
P16157	GO:0170014	part_of	IDA	UniProtKB
Q10299	GO:0180010	involved_in	IC	UniProtKB
Q08211	GO:0035195	involved_in	IMP	UniProtKB
Q8N7U6	GO:0005879	located_in	IDA	UniProtKB
Q8WUX2	GO:0061928	enables	IDA	UniProtKB
O74448	GO:0180010	involved_in	IMP	UniProtKB
Q9UH17	GO:0044355	involved_in	IDA	UniProtKB
P27038	GO:0045428	involved_in	IMP	UniProtKB
Q9DA80	GO:0097729	located_in	IDA	UniProtKB
Q9DA80	GO:0001534	part_of	IDA	UniProtKB
Q9DA80	GO:0005930	located_in	IDA	UniProtKB
Q9DA80	GO:0005515	enables	IPI	UniProtKB
Q96GJ1	GO:0005759	located_in	IDA	UniProtKB
Q99MV5	GO:0071514	involved_in	IMP	UniProtKB
Q61743	GO:0008340	involved_in	IGI	UniProtKB
Q61743	GO:0003229	involved_in	IGI	UniProtKB
Q61743	GO:0001508	involved_in	IGI	UniProtKB
Q61743	GO:0002931	involved_in	IMP	UniProtKB
Q61743	GO:0061762	involved_in	IMP	UniProtKB
Q61743	GO:0006915	involved_in	IMP	UniProtKB
Q61743	GO:0001666	involved_in	IMP	UniProtKB
Q61743	GO:1904638	involved_in	IMP	UniProtKB
O08675	GO:0007186	involved_in	IDA	UniProtKB
O08675	GO:0007186	involved_in	IGI	UniProtKB
Q8NC60	GO:0099617	colocalizes_with	IDA	UniProtKB
Q8C419	GO:0008047	enables	IDA	UniProtKB
Q8C419	GO:0045211	is_active_in	IDA	UniProtKB
Q8C419	GO:0050807	involved_in	IDA	UniProtKB
P54644	GO:0031005	enables	IPI	UniProtKB
P54644	GO:0031267	enables	IPI	UniProtKB
P08965	GO:0106222	enables	IPI	UniProtKB
Q15672	GO:1902894	involved_in	IDA	UniProtKB
Q15672	GO:0000987	enables	IDA	UniProtKB
Q15672	GO:0001217	enables	IDA	UniProtKB
Q9BYP7	GO:0140693	enables	IDA	UniProtKB
Q9BYP7	GO:0140694	involved_in	IDA	UniProtKB
Q9BYP7	GO:0071474	involved_in	IDA	UniProtKB
Q9BYP7	GO:1903077	involved_in	IDA	UniProtKB
O54833	GO:0007283	involved_in	IMP	UniProtKB
P53582	GO:0051604	involved_in	IDA	UniProtKB
P45976	GO:0006397	involved_in	IDA	UniProtKB
Q9WVL5	GO:0071514	involved_in	IMP	UniProtKB
Q9WVL5	GO:0032197	involved_in	IMP	UniProtKB
Q9WVL5	GO:0141005	involved_in	IMP	UniProtKB
Q38919	GO:0048446	acts_upstream_of_or_within	IMP	UniProtKB
Q38919	GO:0051211	acts_upstream_of_or_within_negative_effect	IMP	UniProtKB
Q38919	GO:0043622	acts_upstream_of_or_within	IMP	UniProtKB
Q13619	GO:0007283	involved_in	IDA	UniProtKB
Q13619	GO:0042110	involved_in	IDA	UniProtKB
Q13619	GO:0005737	is_active_in	IDA	UniProtKB
Q13619	GO:0140627	involved_in	IDA	UniProtKB
Q13619	GO:0160072	enables	IDA	UniProtKB
F1MH24	GO:0005905	located_in	IDA	UniProtKB
P49279	GO:0006828	involved_in	IDA	UniProtKB
P49279	GO:0005381	enables	IDA	UniProtKB
P49279	GO:0005384	enables	IDA	UniProtKB
P51659	GO:0018812	enables	IDA	UniProtKB
P31636	GO:1904659	involved_in	IDA	UniProtKB
P31636	GO:0005412	enables	IDA	UniProtKB
P31636	GO:0005362	enables	IDA	UniProtKB
F8W3X3	GO:0060079	acts_upstream_of_or_within	IMP	UniProtKB
F8W3X3	GO:0098908	acts_upstream_of_or_within	IMP	UniProtKB
Q8IUX4	GO:0044355	involved_in	IDA	UniProtKB
Q6F6B5	GO:0098562	located_in	IDA	UniProtKB
P01116	GO:0009898	located_in	IDA	UniProtKB
Q68FS3	GO:0043524	acts_upstream_of	IMP	UniProtKB
C6Y4C3	GO:0055062	involved_in	EXP	UniProtKB
Q1LUV9	GO:0140496	enables	IDA	UniProtKB
P25299	GO:0006397	involved_in	IDA	UniProtKB
P25299	GO:0005848	part_of	IPI	UniProtKB
Q8TB61	GO:0030206	involved_in	IMP	UniProtKB
Q9W358	GO:0061177	located_in	IDA	UniProtKB
Q9W358	GO:0061176	located_in	IDA	UniProtKB
Q9W358	GO:0007269	involved_in	IMP	UniProtKB
Q9W358	GO:0005515	enables	IPI	UniProtKB
Q90268	GO:0061386	acts_upstream_of_or_within	IMP	UniProtKB
Q9Y6A4	GO:0005879	located_in	IDA	UniProtKB
Q9VF27	GO:0005747	part_of	IDA	UniProtKB
Q9VF27	GO:0006120	involved_in	IC	UniProtKB
Q9LQT8	GO:0045944	involved_in	IDA	UniProtKB
P68371	GO:0005879	located_in	IDA	UniProtKB
P02788	GO:0140912	enables	IMP	UniProtKB
Q61183	GO:0180011	involved_in	IDA	UniProtKB
P35363	GO:0030296	enables	IMP	UniProtKB
Q9WVE8	GO:0005886	located_in	IDA	UniProtKB
Q9ES19	GO:1903377	involved_in	IMP	UniProtKB
P40818	GO:0061578	enables	IDA	UniProtKB
P40818	GO:1990380	enables	IDA	UniProtKB
A0A0A6YY25	GO:0010526	acts_upstream_of_positive_effect	IMP	UniProtKB
Q61483	GO:0030947	involved_in	IMP	UniProtKB
P01137	GO:0035800	enables	IDA	UniProtKB
P01137	GO:0032755	involved_in	IMP	UniProtKB
P01137	GO:0032755	acts_upstream_of	IMP	UniProtKB
P01137	GO:0051092	involved_in	IMP	UniProtKB
P01137	GO:2000353	involved_in	IMP	UniProtKB
P01137	GO:0032760	involved_in	IMP	UniProtKB
P01137	GO:0071404	involved_in	IMP	UniProtKB
P01137	GO:0050729	involved_in	IMP	UniProtKB
P01137	GO:2000343	involved_in	IMP	UniProtKB
O13953	GO:0045815	involved_in	IC	UniProtKB
Q99K41	GO:1900747	involved_in	IMP	UniProtKB
P18848	GO:1903377	involved_in	IGI	UniProtKB
Q7ZW47	GO:0008354	acts_upstream_of_or_within	IMP	UniProtKB
Q60714	GO:0043539	enables	IGI	UniProtKB
Q60714	GO:0043539	enables	IMP	UniProtKB
P87170	GO:0006654	involved_in	IMP	UniProtKB
Q8TF66	GO:0016324	is_active_in	IDA	UniProtKB
Q8TF66	GO:0140311	enables	IDA	UniProtKB
P70170	GO:2001257	involved_in	IGI	UniProtKB
P70170	GO:0048144	involved_in	IGI	UniProtKB
P70170	GO:0009410	involved_in	IGI	UniProtKB
P70170	GO:0003007	involved_in	IGI	UniProtKB
P70170	GO:0003007	involved_in	IMP	UniProtKB
P70170	GO:0060976	involved_in	IGI	UniProtKB
P70170	GO:0008217	involved_in	IGI	UniProtKB
P70170	GO:0008217	involved_in	IMP	UniProtKB
P70170	GO:0001568	involved_in	IMP	UniProtKB
P70170	GO:0072359	involved_in	IMP	UniProtKB
P70170	GO:0033198	involved_in	IMP	UniProtKB
P70170	GO:0001508	involved_in	IMP	UniProtKB
Q9BQ95	GO:0060090	enables	IDA	UniProtKB
Q9BQ95	GO:0034142	involved_in	IDA	UniProtKB
P0CY34	GO:0060258	acts_upstream_of_or_within	IMP	UniProtKB
P0CY34	GO:0001217	enables	IMP	UniProtKB
O42222	GO:0008083	enables	IDA	UniProtKB
O42222	GO:0014738	acts_upstream_of_or_within	IMP	UniProtKB
O42222	GO:0048642	acts_upstream_of_or_within	IMP	UniProtKB
P32456	GO:0004866	enables	IDA	UniProtKB
Q5A310	GO:1900445	acts_upstream_of_or_within	IMP	UniProtKB
Q6Y7W6	GO:0060090	enables	IDA	UniProtKB
Q6Y7W6	GO:0060339	involved_in	IDA	UniProtKB
Q6Y7W6	GO:0072344	involved_in	IDA	UniProtKB
Q6Y7W6	GO:0045947	involved_in	IDA	UniProtKB
Q60769	GO:2001237	involved_in	IMP	UniProtKB
O18640	GO:0003735	enables	IDA	UniProtKB
O18640	GO:0022626	located_in	IDA	UniProtKB
O18640	GO:0002181	involved_in	IC	UniProtKB
Q59YH3	GO:0044010	acts_upstream_of_or_within	IGI	UniProtKB
Q75L34	GO:0042803	enables	IDA	UniProtKB
Q810M6	GO:0140693	enables	IDA	UniProtKB
Q810M6	GO:0005730	is_active_in	IDA	UniProtKB
Q810M6	GO:0140694	involved_in	IDA	UniProtKB
Q96AC1	GO:0009898	located_in	IDA	UniProtKB
P97794	GO:0032991	part_of	IDA	UniProtKB
P97794	GO:0044546	involved_in	IDA	UniProtKB
P97794	GO:0044546	involved_in	IMP	UniProtKB
P97794	GO:0030010	involved_in	IDA	UniProtKB
P97794	GO:0030010	involved_in	IMP	UniProtKB
P97794	GO:0098793	located_in	IDA	UniProtKB
P97794	GO:2001257	involved_in	IGI	UniProtKB
P97794	GO:0048144	involved_in	IGI	UniProtKB
P97794	GO:0061535	involved_in	IGI	UniProtKB
P97794	GO:0009410	involved_in	IGI	UniProtKB
P97794	GO:0009410	involved_in	IMP	UniProtKB
P97794	GO:0003007	involved_in	IGI	UniProtKB
P97794	GO:0003007	involved_in	IMP	UniProtKB
P97794	GO:0060976	involved_in	IGI	UniProtKB
P97794	GO:0060976	involved_in	IMP	UniProtKB
P97794	GO:0008340	involved_in	IGI	UniProtKB
P97794	GO:0003229	involved_in	IGI	UniProtKB
P97794	GO:0008217	involved_in	IGI	UniProtKB
P97794	GO:0008217	involved_in	IMP	UniProtKB
P97794	GO:0001508	involved_in	IGI	UniProtKB
P97794	GO:0001508	involved_in	IMP	UniProtKB
P97794	GO:0010087	involved_in	IMP	UniProtKB
P97794	GO:0002931	involved_in	IMP	UniProtKB
P97794	GO:0010467	involved_in	IMP	UniProtKB
P97794	GO:0038066	involved_in	IMP	UniProtKB
P97794	GO:0009306	involved_in	IMP	UniProtKB
P97794	GO:0061762	involved_in	IMP	UniProtKB
P97794	GO:0006915	involved_in	IMP	UniProtKB
P97794	GO:0006954	involved_in	IMP	UniProtKB
P97794	GO:0015908	involved_in	IMP	UniProtKB
P97794	GO:0002250	involved_in	IMP	UniProtKB
P97794	GO:0001774	involved_in	IMP	UniProtKB
P97794	GO:0034097	involved_in	IMP	UniProtKB
P97794	GO:0060922	involved_in	IMP	UniProtKB
P97794	GO:0060920	involved_in	IMP	UniProtKB
P97794	GO:0050905	involved_in	IMP	UniProtKB
P97794	GO:0001944	involved_in	IMP	UniProtKB
P97794	GO:0001568	involved_in	IMP	UniProtKB
P97794	GO:0150103	involved_in	IMP	UniProtKB
P97794	GO:0032868	involved_in	IMP	UniProtKB
P97794	GO:0050877	involved_in	IMP	UniProtKB
P97794	GO:0019226	involved_in	IMP	UniProtKB
P97794	GO:0072359	involved_in	IMP	UniProtKB
P97794	GO:0001666	involved_in	IMP	UniProtKB
P97794	GO:0051124	involved_in	IMP	UniProtKB
P97794	GO:0070997	involved_in	IMP	UniProtKB
P97794	GO:0045444	involved_in	IMP	UniProtKB
P97794	GO:0034976	involved_in	IMP	UniProtKB
P97794	GO:0042311	involved_in	IMP	UniProtKB
P97794	GO:0008283	involved_in	IMP	UniProtKB
P97794	GO:0070588	involved_in	IMP	UniProtKB
P97794	GO:0071805	involved_in	IMP	UniProtKB
P97794	GO:0033198	involved_in	IMP	UniProtKB
P97794	GO:1904638	involved_in	IMP	UniProtKB
P97794	GO:0002027	involved_in	IMP	UniProtKB
P97794	GO:0005515	enables	IPI	UniProtKB
Q09490	GO:0070266	involved_in	IGI	UniProtKB
Q8K3F6	GO:0010996	involved_in	IDA	UniProtKB
Q8K3F6	GO:0010996	involved_in	IGI	UniProtKB
Q8K3F6	GO:0014070	involved_in	IDA	UniProtKB
Q8K3F6	GO:0071466	involved_in	IDA	UniProtKB
Q8K3F6	GO:0071277	involved_in	IDA	UniProtKB
Q8K3F6	GO:0099610	involved_in	IDA	UniProtKB
Q8K3F6	GO:0099610	involved_in	IGI	UniProtKB
Q8K3F6	GO:0099610	involved_in	IMP	UniProtKB
Q8K3F6	GO:0098976	involved_in	IGI	UniProtKB
Q8K3F6	GO:0098977	involved_in	IGI	UniProtKB
Q8K3F6	GO:0007605	involved_in	IGI	UniProtKB
Q8K3F6	GO:0016322	involved_in	IGI	UniProtKB
Q8K3F6	GO:0099611	involved_in	IGI	UniProtKB
Q8K3F6	GO:0051882	involved_in	IMP	UniProtKB
Q8K3F6	GO:0097314	involved_in	IMP	UniProtKB
Q8K3F6	GO:0010467	involved_in	IMP	UniProtKB
Q8K3F6	GO:0006606	involved_in	IMP	UniProtKB
Q8K3F6	GO:0051402	involved_in	IMP	UniProtKB
Q8K3F6	GO:0021675	involved_in	IMP	UniProtKB
Q8K3F6	GO:0009612	involved_in	IMP	UniProtKB
Q8K3F6	GO:0048167	involved_in	IMP	UniProtKB
Q8K3F6	GO:0034220	involved_in	IMP	UniProtKB
Q8K3F6	GO:0065003	involved_in	IMP	UniProtKB
Q8K3F6	GO:0006605	involved_in	IMP	UniProtKB
Q8K3F6	GO:0019228	involved_in	IMP	UniProtKB
Q8K3F6	GO:0036343	involved_in	IMP	UniProtKB
Q8K3F6	GO:0015031	involved_in	IMP	UniProtKB
Q8K3F6	GO:1903701	involved_in	IMP	UniProtKB
Q8K3F6	GO:0005515	enables	IPI	UniProtKB
Q5VTT2	GO:0005879	located_in	IDA	UniProtKB
Q1JPS6	GO:1904059	acts_upstream_of_or_within	IGI	UniProtKB
Q1JPS6	GO:1904059	acts_upstream_of_or_within	IMP	UniProtKB
Q8TC26	GO:0140882	involved_in	IDA	UniProtKB
Q8TC26	GO:0042552	involved_in	IMP	UniProtKB
Q8TC26	GO:0005515	enables	IPI	UniProtKB
Q4W8A3	GO:0015347	enables	IDA	UniProtKB
Q4W8A3	GO:0016323	located_in	IDA	UniProtKB
Q4W8A3	GO:0008514	enables	IDA	UniProtKB
Q4W8A3	GO:0015297	enables	IDA	UniProtKB
P78814	GO:0071031	involved_in	TAS	UniProtKB
Q01279	GO:0004713	enables	IDA	UniProtKB
Q01279	GO:0004713	enables	IMP	UniProtKB
Q01279	GO:0042059	involved_in	IDA	UniProtKB
Q01279	GO:0042059	involved_in	IMP	UniProtKB
Q96AW1	GO:0005764	located_in	IDA	UniProtKB
Q96AW1	GO:0005770	located_in	IDA	UniProtKB
Q96AW1	GO:0019899	enables	IPI	UniProtKB
Q80ZD3	GO:0005886	located_in	IDA	UniProtKB
Q80ZD3	GO:0016323	located_in	IDA	UniProtKB
Q80ZD3	GO:0016324	located_in	IDA	UniProtKB
Q80ZD3	GO:0140900	enables	IDA	UniProtKB
Q80ZD3	GO:0005254	enables	IDA	UniProtKB
Q8BRC6	GO:0005515	enables	IPI	UniProtKB
Q8CGT6	GO:0071514	involved_in	IMP	UniProtKB
Q8CGT6	GO:0141005	acts_upstream_of_positive_effect	IMP	UniProtKB
Q8CGT6	GO:0141005	involved_in	IMP	UniProtKB
P18930	GO:0005747	part_of	IDA	UniProtKB
P18930	GO:0006120	involved_in	IC	UniProtKB
Q8WXI7	GO:0009897	located_in	IDA	UniProtKB
Q6R0H7	GO:0010854	enables	IMP	UniProtKB
Q09499	GO:0036498	involved_in	IGI	UniProtKB
Q12481	GO:0006364	involved_in	IMP	UniProtKB
Q1LVF0	GO:0001654	acts_upstream_of_or_within	IMP	UniProtKB
Q12382	GO:0141035	enables	IDA	UniProtKB
Q09750	GO:0045815	involved_in	IC	UniProtKB
Q8BYM7	GO:0097729	located_in	IDA	UniProtKB
Q8BYM7	GO:0001534	part_of	IDA	UniProtKB
Q8BYM7	GO:0005930	located_in	IDA	UniProtKB
Q8BYM7	GO:0051649	involved_in	IMP	UniProtKB
Q8BYM7	GO:0003351	involved_in	IMP	UniProtKB
Q16384	GO:0007283	involved_in	IMP	UniProtKB
Q16384	GO:0036126	located_in	IMP	UniProtKB
O14470	GO:0045815	involved_in	IC	UniProtKB
P42567	GO:0043130	enables	IDA	UniProtKB
P42567	GO:0043130	enables	IMP	UniProtKB
P42567	GO:0070086	involved_in	IMP	UniProtKB
Q9N5D3	GO:0007173	involved_in	IGI	UniProtKB
P05062	GO:0060090	enables	IDA	UniProtKB
P05062	GO:1905856	involved_in	IMP	UniProtKB
Q86UK7	GO:0045947	involved_in	IDA	UniProtKB
Q86UK7	GO:0140517	enables	IDA	UniProtKB
Q59LY1	GO:1900445	acts_upstream_of_or_within	IMP	UniProtKB
Q59LY1	GO:0001216	enables	IMP	UniProtKB
Q6Q547	GO:0006364	involved_in	IMP	UniProtKB
Q61207	GO:0034614	involved_in	IDA	UniProtKB
Q4U2R8	GO:0022857	enables	IDA	UniProtKB
Q4U2R8	GO:0015139	enables	IDA	UniProtKB
Q4U2R8	GO:0042910	enables	IDA	UniProtKB
Q4U2R8	GO:0015297	enables	IDA	UniProtKB
Q10428	GO:1902426	involved_in	IMP	UniProtKB
O00602	GO:0005886	located_in	IDA	UniProtKB
O14880	GO:0005741	located_in	IDA	UniProtKB
O14880	GO:0006692	involved_in	IDA	UniProtKB
O14880	GO:0004364	enables	IDA	UniProtKB
Q71U36	GO:0005879	located_in	IDA	UniProtKB
P06961	GO:0160016	enables	IDA	UniProtKB
P13022	GO:0005829	located_in	IDA	UniProtKB
P13022	GO:0030864	located_in	IDA	UniProtKB
P13022	GO:0030036	involved_in	TAS	UniProtKB
O94421	GO:0045815	involved_in	IMP	UniProtKB
Q9H0H5	GO:0009898	located_in	IDA	UniProtKB
P29468	GO:0031124	involved_in	IDA	UniProtKB
P29468	GO:0031124	involved_in	IMP	UniProtKB
P29468	GO:0031126	involved_in	IGI	UniProtKB
Q6PCQ0	GO:0009898	located_in	IDA	UniProtKB
P20160	GO:0016020	located_in	IDA	UniProtKB
Q9M658	GO:0042802	enables	IDA	UniProtKB
Q9M658	GO:0060966	involved_in	IMP	UniProtKB
Q9M658	GO:0005515	enables	IPI	UniProtKB
Q9W2H9	GO:0141006	involved_in	IMP	UniProtKB
Q9W2H9	GO:0141006	involved_in	IDA	UniProtKB
O94603	GO:0010964	involved_in	IMP	UniProtKB
P13466	GO:0043422	enables	IPI	UniProtKB
P13466	GO:0031267	enables	IPI	UniProtKB
P13466	GO:0051019	enables	IPI	UniProtKB
Q9R0N8	GO:0009898	located_in	IDA	UniProtKB
Q13433	GO:0001837	involved_in	IDA	UniProtKB
Q13433	GO:0045121	located_in	IDA	UniProtKB
Q13433	GO:0050852	involved_in	IDA	UniProtKB
Q13433	GO:0046649	involved_in	IMP	UniProtKB
Q8CG64	GO:0051674	involved_in	IMP	UniProtKB
Q8CG64	GO:0007420	involved_in	IMP	UniProtKB
E0CZ16	GO:0006511	involved_in	IMP	UniProtKB
E0CZ16	GO:0070294	involved_in	IMP	UniProtKB
Q9UHI5	GO:0015804	involved_in	IDA	UniProtKB
Q9UHI5	GO:0015297	enables	IDA	UniProtKB
Q9UHI5	GO:0046982	enables	IDA	UniProtKB
Q8GY54	GO:0061928	enables	IDA	UniProtKB
P34693	GO:0070266	involved_in	IGI	UniProtKB
Q09819	GO:0045815	involved_in	IC	UniProtKB
P16452	GO:0170014	part_of	IDA	UniProtKB
Q6NYW6	GO:0061484	acts_upstream_of_or_within	IMP	UniProtKB
P67870	GO:0000785	part_of	IDA	UniProtKB
P67870	GO:0016605	is_active_in	IDA	UniProtKB
P67870	GO:1903901	involved_in	IDA	UniProtKB
P67870	GO:0075342	involved_in	IDA	UniProtKB
P67870	GO:0030674	enables	IDA	UniProtKB
Q8IV36	GO:0098548	located_in	IDA	UniProtKB
Q8C7E9	GO:0031124	involved_in	TAS	UniProtKB
Q5VCS6	GO:0071514	involved_in	IMP	UniProtKB
Q7Z3D4	GO:0042834	enables	IDA	UniProtKB
Q7Z3D4	GO:0000139	located_in	IDA	UniProtKB
Q06141	GO:0045617	involved_in	IDA	UniProtKB
Q06141	GO:0009611	involved_in	IDA	UniProtKB
Q5RH73	GO:0005929	located_in	IDA	UniProtKB
Q00780	GO:0001935	involved_in	IGI	UniProtKB
P9WK19	GO:0004239	enables	IDA	UniProtKB
P9WK19	GO:0016485	involved_in	IDA	UniProtKB
O74733	GO:0180010	involved_in	IC	UniProtKB
Q9P035	GO:0018812	enables	IDA	UniProtKB
P06703	GO:0009898	located_in	IDA	UniProtKB
Q9WV60	GO:0072687	located_in	IDA	UniProtKB
Q9WV60	GO:0043491	involved_in	IMP	UniProtKB
Q9WV60	GO:0007127	involved_in	IMP	UniProtKB
P21675	GO:0045944	involved_in	IDA	UniProtKB
O88909	GO:0015297	enables	IDA	UniProtKB
Q59UY7	GO:1900445	acts_upstream_of_or_within	IMP	UniProtKB
Q59UY7	GO:0001216	enables	IMP	UniProtKB
Q8VDY4	GO:0009898	located_in	IDA	UniProtKB
Q8IUY3	GO:0005886	located_in	IDA	UniProtKB
Q54NN4	GO:0005634	located_in	IDA	UniProtKB
P42574	GO:0001818	involved_in	IMP	UniProtKB
P49804	GO:0009898	located_in	IDA	UniProtKB
Q6P656	GO:0005879	located_in	IDA	UniProtKB
Q45VV3	GO:0009957	involved_in	IGI	UniProtKB
F1QEB7	GO:0005930	located_in	IDA	UniProtKB
Q6ZNE5	GO:0014065	involved_in	IDA	UniProtKB
Q9H201	GO:0009898	located_in	IDA	UniProtKB
Q9Z1M7	GO:0032991	part_of	IDA	UniProtKB
Q9Z1M7	GO:0098528	involved_in	IDA	UniProtKB
Q9Z1M7	GO:0005794	located_in	IDA	UniProtKB
Q9Z1M7	GO:0005794	located_in	IMP	UniProtKB
Q9Z1M7	GO:0030225	involved_in	IDA	UniProtKB
Q9Z1M7	GO:0006612	involved_in	IDA	UniProtKB
Q9Z1M7	GO:0006612	involved_in	IMP	UniProtKB
Q9Z1M7	GO:0007420	involved_in	IDA	UniProtKB
Q9Z1M7	GO:0007420	involved_in	IMP	UniProtKB
Q9Z1M7	GO:0006886	involved_in	IDA	UniProtKB
Q9Z1M7	GO:0006886	involved_in	IMP	UniProtKB
Q9Z1M7	GO:0072659	involved_in	IMP	UniProtKB
Q9Z1M7	GO:0051674	involved_in	IMP	UniProtKB
Q9Z1M7	GO:0009416	involved_in	IMP	UniProtKB
Q9Z1M7	GO:0001662	involved_in	IMP	UniProtKB
Q9Z1M7	GO:0060291	involved_in	IMP	UniProtKB
Q9Z1M7	GO:0007613	involved_in	IMP	UniProtKB
Q9Z1M7	GO:0006517	involved_in	IMP	UniProtKB
Q9Z1M7	GO:0007605	involved_in	IMP	UniProtKB
Q9Z1M7	GO:0042552	involved_in	IMP	UniProtKB
P01132	GO:0030297	enables	IDA	UniProtKB
Q9EPH0	GO:0019532	involved_in	IDA	UniProtKB
Q04206	GO:0034142	involved_in	IDA	UniProtKB
Q04206	GO:0032755	involved_in	IMP	UniProtKB
Q04206	GO:0010575	involved_in	IMP	UniProtKB
Q9H015	GO:0005277	enables	IDA	UniProtKB
Q9H015	GO:0031966	located_in	IDA	UniProtKB
Q5T848	GO:0072659	involved_in	IDA	UniProtKB
Q5T848	GO:0005886	is_active_in	IDA	UniProtKB
Q5T848	GO:0008047	enables	IDA	UniProtKB
Q5T848	GO:0007186	involved_in	IDA	UniProtKB
Q1LV15	GO:0032474	acts_upstream_of_or_within	IMP	UniProtKB
Q69ZF3	GO:0005789	located_in	IDA	UniProtKB
Q69ZF3	GO:0000139	located_in	IDA	UniProtKB
P25298	GO:0006397	involved_in	IDA	UniProtKB
P25298	GO:0005848	part_of	IPI	UniProtKB
O13794	GO:0180010	involved_in	IC	UniProtKB
Q60722	GO:0000977	enables	IMP	UniProtKB
Q9CWU0	GO:0071514	involved_in	IMP	UniProtKB
Q5A1N6	GO:0044010	acts_upstream_of_or_within	IGI	UniProtKB
P21274	GO:0043539	enables	IDA	UniProtKB
O94705	GO:0004129	contributes_to	IDA	UniProtKB
O94705	GO:0005751	part_of	IDA	UniProtKB
P0CI65	GO:0048793	acts_upstream_of_or_within	IGI	UniProtKB
Q9UTD1	GO:0180010	involved_in	IC	UniProtKB
P55068	GO:0097060	located_in	IDA	UniProtKB
Q8N4L1	GO:0016020	located_in	IMP	UniProtKB
Q8N4L1	GO:0005783	located_in	IMP	UniProtKB
Q99570	GO:0014065	involved_in	IDA	UniProtKB
Q9LYE3	GO:0040029	involved_in	IDA	UniProtKB
Q9LYE3	GO:0141005	involved_in	IDA	UniProtKB
Q9LYE3	GO:0005515	enables	IPI	UniProtKB
P86546	GO:0005179	enables	IDA	UniProtKB
P86546	GO:0005179	enables	IMP	UniProtKB
P86546	GO:0032869	involved_in	IMP	UniProtKB
P86546	GO:0044342	involved_in	IMP	UniProtKB
P86546	GO:0042593	involved_in	IMP	UniProtKB
P86546	GO:0008147	enables	IMP	UniProtKB
P86546	GO:1903011	involved_in	IMP	UniProtKB
Q9H6E5	GO:0140767	enables	IDA	UniProtKB
P25713	GO:1990748	involved_in	IDA	UniProtKB
O74958	GO:0043628	involved_in	EXP	UniProtKB
O74958	GO:0036002	enables	IPI	UniProtKB
P83741	GO:0045766	involved_in	IMP	UniProtKB
P83741	GO:0007507	involved_in	IMP	UniProtKB
P46940	GO:0009898	located_in	IDA	UniProtKB
Q8W3K0	GO:0002229	involved_in	IMP	UniProtKB
Q9Y7N0	GO:0140861	involved_in	IMP	UniProtKB
Q8K4V2	GO:0035725	involved_in	IDA	UniProtKB
Q8K4V2	GO:0140900	enables	IDA	UniProtKB
O95258	GO:0015698	involved_in	IDA	UniProtKB
O95258	GO:1900407	involved_in	IDA	UniProtKB
O95258	GO:0015078	enables	IDA	UniProtKB
O95258	GO:0005452	enables	IDA	UniProtKB
O95258	GO:0015108	enables	IDA	UniProtKB
F4JYG0	GO:0042803	enables	IDA	UniProtKB
F4JYG0	GO:0042802	enables	IDA	UniProtKB
F4JYG0	GO:0060966	involved_in	IMP	UniProtKB
F4JYG0	GO:0005515	enables	IPI	UniProtKB
P32322	GO:1903377	involved_in	IMP	UniProtKB
Q8K4L3	GO:0043034	located_in	IDA	UniProtKB
Q8K4L3	GO:0005737	located_in	IDA	UniProtKB
Q8K4L3	GO:0071944	located_in	IDA	UniProtKB
Q8K4L3	GO:0042383	located_in	IDA	UniProtKB
Q8K4L3	GO:0005654	located_in	IDA	UniProtKB
Q8K4L3	GO:0005925	located_in	IDA	UniProtKB
Q8K4L3	GO:0042692	involved_in	IDA	UniProtKB
Q8K4L3	GO:0051015	enables	IDA	UniProtKB
Q8IX21	GO:0016605	located_in	IDA	UniProtKB
Q9BXU7	GO:0007283	involved_in	IMP	UniProtKB
Q9BXU7	GO:0036126	located_in	IMP	UniProtKB
D3YVF0	GO:0010467	involved_in	IMP	UniProtKB
D3YVF0	GO:0071466	involved_in	IMP	UniProtKB
D3YVF0	GO:0071277	involved_in	IMP	UniProtKB
Q96N21	GO:0044877	enables	IDA	UniProtKB
Q96N21	GO:0031090	located_in	IMP	UniProtKB
Q6GYP7	GO:0043433	involved_in	IDA	UniProtKB
Q6GYP7	GO:0000122	involved_in	IDA	UniProtKB
Q8BP48	GO:0051604	involved_in	IDA	UniProtKB
Q9Z306	GO:0031966	located_in	IDA	UniProtKB
Q9Z306	GO:0016324	located_in	IDA	UniProtKB
Q8BVN9	GO:0071514	involved_in	IMP	UniProtKB
Q78IQ7	GO:0005886	located_in	IDA	UniProtKB
Q78IQ7	GO:0006882	involved_in	IDA	UniProtKB
Q60864	GO:0005634	located_in	IPI	UniProtKB
Q9WTU3	GO:0021675	involved_in	IGI	UniProtKB
Q9WTU3	GO:0021675	involved_in	IMP	UniProtKB
Q8C145	GO:0001837	involved_in	IDA	UniProtKB
Q16760	GO:0045742	involved_in	TAS	UniProtKB
Q27GK7	GO:0000122	involved_in	IDA	UniProtKB
O94707	GO:0045815	involved_in	IC	UniProtKB
Q5M8T2	GO:0015786	involved_in	IDA	UniProtKB
Q5M8T2	GO:0030672	is_active_in	IDA	UniProtKB
Q5M8T2	GO:0005460	enables	IDA	UniProtKB
Q09801	GO:0180010	involved_in	IC	UniProtKB
O94436	GO:0045815	involved_in	IC	UniProtKB
Q02083	GO:0016020	located_in	IDA	UniProtKB
P78953	GO:0005546	enables	IDA	UniProtKB
Q9VGP1	GO:0006914	involved_in	IMP	UniProtKB
Q6P4S8	GO:0007566	involved_in	IMP	UniProtKB
Q9H4A3	GO:0031397	involved_in	IDA	UniProtKB
Q9H4A3	GO:0140693	enables	IDA	UniProtKB
Q9H4A3	GO:1904595	involved_in	IDA	UniProtKB
Q9H4A3	GO:1903490	involved_in	IDA	UniProtKB
Q9H4A3	GO:0072686	is_active_in	IDA	UniProtKB
Q9H4A3	GO:0005634	is_active_in	IDA	UniProtKB
Q9H4A3	GO:0045050	involved_in	IDA	UniProtKB
Q9H4A3	GO:0043232	is_active_in	IDA	UniProtKB
Q9H4A3	GO:0140694	involved_in	IDA	UniProtKB
Q9H4A3	GO:0010793	involved_in	IDA	UniProtKB
Q9H4A3	GO:0071474	involved_in	IDA	UniProtKB
Q9H4A3	GO:0006884	involved_in	IDA	UniProtKB
Q9H4A3	GO:0045766	involved_in	IMP	UniProtKB
Q9H4A3	GO:0010507	involved_in	IMP	UniProtKB
Q5BKX5	GO:0004239	enables	IDA	UniProtKB
Q5BKX5	GO:0016485	involved_in	IDA	UniProtKB
Q8WWF5	GO:0043161	involved_in	IDA	UniProtKB
Q9UTF6	GO:0004129	contributes_to	IDA	UniProtKB
Q9UTF6	GO:0005751	part_of	IDA	UniProtKB
Q9UTF6	GO:0006123	involved_in	IDA	UniProtKB
Q99KR7	GO:0012501	involved_in	IMP	UniProtKB
P22725	GO:2001235	involved_in	IDA	UniProtKB
Q14BI7	GO:0071514	involved_in	IMP	UniProtKB
Q14BI7	GO:0141006	involved_in	IMP	UniProtKB
Q6ZT62	GO:0005886	located_in	IDA	UniProtKB
O59702	GO:0045815	involved_in	IC	UniProtKB
O59702	GO:0040029	involved_in	IMP	UniProtKB
Q9HGP4	GO:0140861	involved_in	IMP	UniProtKB
Q08116	GO:0009898	located_in	IDA	UniProtKB
Q3UIJ9	GO:0009898	located_in	IDA	UniProtKB
Q5U4D8	GO:0090482	enables	IMP	UniProtKB
Q5U4D8	GO:0015887	involved_in	IMP	UniProtKB
Q5U4D8	GO:0015233	enables	IMP	UniProtKB
P13681	GO:0180010	involved_in	IC	UniProtKB
P31955	GO:0030297	enables	IGI	UniProtKB
Q09161	GO:0016071	involved_in	IMP	UniProtKB
Q0VFZ6	GO:0005879	located_in	IDA	UniProtKB
Q99MV1	GO:0071514	involved_in	IMP	UniProtKB
Q7L5D6	GO:0045048	involved_in	IMP	UniProtKB
Q8VIG3	GO:0097729	located_in	IDA	UniProtKB
Q8VIG3	GO:0001534	part_of	IDA	UniProtKB
Q8VIG3	GO:0005930	located_in	IDA	UniProtKB
Q9UTB6	GO:0045815	involved_in	IC	UniProtKB
O74755	GO:0045815	involved_in	IC	UniProtKB
O70228	GO:0005769	located_in	IDA	UniProtKB
O70228	GO:0005770	located_in	IDA	UniProtKB
O70228	GO:0048812	involved_in	IMP	UniProtKB
O74792	GO:0045815	involved_in	IC	UniProtKB
Q9VDD9	GO:0022008	involved_in	IDA	UniProtKB
Q99MV2	GO:0032197	involved_in	IMP	UniProtKB
Q9W5E0	GO:0034773	involved_in	IMP	UniProtKB
Q9W5E0	GO:0141005	involved_in	IMP	UniProtKB
P14598	GO:0009898	located_in	IDA	UniProtKB
Q5T1Q4	GO:0030672	located_in	IDA	UniProtKB
P48802	GO:0005104	enables	IDA	UniProtKB
P48802	GO:0005615	located_in	IDA	UniProtKB
P48802	GO:0030177	acts_upstream_of_or_within	IGI	UniProtKB
P48802	GO:0021985	acts_upstream_of_or_within	IMP	UniProtKB
P48802	GO:0008283	acts_upstream_of_or_within	IMP	UniProtKB
P48802	GO:0014032	acts_upstream_of_or_within	IMP	UniProtKB
Q9VBB3	GO:0005829	located_in	IDA	UniProtKB
Q9VBB3	GO:0005634	located_in	IDA	UniProtKB
P90794	GO:0061629	enables	IPI	UniProtKB
Q5A0E5	GO:0001217	enables	IMP	UniProtKB
Q8CDR2	GO:0120316	involved_in	IMP	UniProtKB
Q8CDR2	GO:0001535	part_of	IPI	UniProtKB
Q10222	GO:0180010	involved_in	IC	UniProtKB
B1V8A0	GO:0070266	involved_in	IGI	UniProtKB
Q10113	GO:0140693	enables	EXP	UniProtKB
P60022	GO:0016020	located_in	IDA	UniProtKB
P36582	GO:0004674	enables	IDA	UniProtKB
Q9Y297	GO:0061630	enables	IDA	UniProtKB
O70167	GO:0016020	located_in	IDA	UniProtKB
Q9UTN4	GO:0180010	involved_in	IC	UniProtKB
Q76P24	GO:0005515	enables	IPI	UniProtKB
Q8VC69	GO:0015297	enables	IDA	UniProtKB
P18929	GO:0005747	part_of	IDA	UniProtKB
P18929	GO:0006120	involved_in	IC	UniProtKB
Q54ER9	GO:0043069	involved_in	IMP	UniProtKB
Q54ER9	GO:1903014	involved_in	HDA	UniProtKB
Q9UUB7	GO:0006310	involved_in	IDA	UniProtKB
O74443	GO:0045815	involved_in	IC	UniProtKB
Q5XPI4	GO:0006511	involved_in	IDA	UniProtKB
Q5XPI4	GO:0051604	involved_in	IDA	UniProtKB
Q5XPI4	GO:0061630	enables	IDA	UniProtKB
Q5T5A4	GO:0005879	located_in	IDA	UniProtKB
Q9BYT1	GO:0160042	enables	IMP	UniProtKB
P23458	GO:0005886	is_active_in	TAS	UniProtKB
P50275	GO:0072686	located_in	IDA	UniProtKB
P50275	GO:1990023	located_in	IDA	UniProtKB
A3KMU5	GO:0141014	involved_in	IDA	UniProtKB
A3KMU5	GO:0030371	enables	IDA	UniProtKB
A3KMU5	GO:0043022	enables	IDA	UniProtKB
A3KMU5	GO:0031369	enables	IPI	UniProtKB
O00400	GO:0042803	enables	IDA	UniProtKB
O00400	GO:0035348	involved_in	IDA	UniProtKB
Q5A4F3	GO:1900445	acts_upstream_of_or_within	IMP	UniProtKB
Q5A4F3	GO:0001216	enables	IMP	UniProtKB
O13919	GO:0045815	involved_in	IC	UniProtKB
Q6VAB6	GO:0004674	enables	IDA	UniProtKB
Q06186	GO:0030297	enables	IDA	UniProtKB
Q06186	GO:0030297	enables	IMP	UniProtKB
P47813	GO:0042255	involved_in	IDA	UniProtKB
Q8NBN3	GO:0005886	located_in	IDA	UniProtKB
Q8NBN3	GO:0001726	located_in	IDA	UniProtKB
O60779	GO:0031923	involved_in	IDA	UniProtKB
Q9C0B5	GO:0072659	involved_in	IDA	UniProtKB
Q8TBE7	GO:0030672	located_in	IDA	UniProtKB
O94522	GO:0045815	involved_in	IC	UniProtKB
O94432	GO:0180010	involved_in	IC	UniProtKB
P05412	GO:0000785	part_of	IDA	UniProtKB
P05412	GO:0019046	involved_in	IDA	UniProtKB
P23396	GO:0006284	involved_in	IDA	UniProtKB
Q8SAB7	GO:0048446	acts_upstream_of_or_within	IMP	UniProtKB
Q8SAB7	GO:0051211	acts_upstream_of_or_within_negative_effect	IMP	UniProtKB
Q8SAB7	GO:0043622	acts_upstream_of_or_within	IMP	UniProtKB
Q8NDZ2	GO:0016605	located_in	IDA	UniProtKB
Q3E772	GO:0141014	involved_in	IDA	UniProtKB
Q3E772	GO:0030371	enables	IDA	UniProtKB
O00337	GO:0180015	involved_in	IMP	UniProtKB
P9WK21	GO:0004239	enables	IDA	UniProtKB
P9WK21	GO:0016485	involved_in	IDA	UniProtKB
O94913	GO:0000993	enables	IDA	UniProtKB
O94913	GO:0006369	involved_in	IDA	UniProtKB
O94913	GO:0005634	is_active_in	IDA	UniProtKB
P0DOC7	GO:0045601	acts_upstream_of_or_within	IMP	UniProtKB
P0DOC7	GO:0003157	acts_upstream_of_or_within	IMP	UniProtKB
A2A259	GO:0044325	enables	IPI	UniProtKB
P18577	GO:0170014	part_of	IDA	UniProtKB
O35956	GO:0015732	involved_in	IDA	UniProtKB
O35956	GO:0015132	enables	IDA	UniProtKB
Q9BSL1	GO:0016567	involved_in	IDA	UniProtKB
Q9BSL1	GO:0031593	enables	IDA	UniProtKB
Q9BSL1	GO:0070628	enables	IDA	UniProtKB
Q9BSL1	GO:0051604	involved_in	IDA	UniProtKB
Q5BN46	GO:0005879	located_in	IDA	UniProtKB
Q9P7Y0	GO:0045815	involved_in	IC	UniProtKB
B2RY50	GO:0005515	enables	IPI	UniProtKB
Q99835	GO:0004862	enables	IDA	UniProtKB
P13021	GO:0005829	located_in	IDA	UniProtKB
P13021	GO:0030864	located_in	IDA	UniProtKB
P13021	GO:0030036	involved_in	TAS	UniProtKB
Q8TE54	GO:0016328	located_in	IDA	UniProtKB
Q8TE54	GO:0016324	located_in	IDA	UniProtKB
Q8TE54	GO:0140900	enables	IDA	UniProtKB
Q8TE54	GO:0015705	involved_in	IMP	UniProtKB
Q99MH5	GO:0097729	located_in	IDA	UniProtKB
Q9NR96	GO:0005783	is_active_in	IDA	UniProtKB
Q9NR96	GO:0034162	involved_in	IDA	UniProtKB
Q9NR96	GO:0038187	enables	IDA	UniProtKB
Q9NR96	GO:0032490	involved_in	IDA	UniProtKB
Q9NR96	GO:0002224	involved_in	IDA	UniProtKB
Q9I7K6	GO:0140713	enables	IDA	UniProtKB
Q9I7K6	GO:0050821	involved_in	IMP	UniProtKB
Q9ZPI5	GO:0018812	enables	IDA	UniProtKB
Q0KK59	GO:0001967	involved_in	IMP	UniProtKB
Q7SY10	GO:0010882	acts_upstream_of_or_within	IMP	UniProtKB
Q9DAI9	GO:0036126	located_in	IDA	UniProtKB
Q6DIA7	GO:0007131	involved_in	IDA	UniProtKB
Q65YR7	GO:0030162	involved_in	IDA	UniProtKB
O88942	GO:0071277	involved_in	IDA	UniProtKB
O88942	GO:0010467	involved_in	IMP	UniProtKB
P54074	GO:0043161	involved_in	IMP	UniProtKB
Q64012	GO:0000122	involved_in	IMP	UniProtKB
P48030	GO:0030297	enables	IDA	UniProtKB
P12982	GO:0046628	involved_in	IMP	UniProtKB
P22682	GO:0016567	involved_in	IDA	UniProtKB
P22682	GO:0005886	located_in	IDA	UniProtKB
P22682	GO:0042059	involved_in	IDA	UniProtKB
P22682	GO:0042059	involved_in	IGI	UniProtKB
P22682	GO:0042059	involved_in	IMP	UniProtKB
P22682	GO:0006511	involved_in	IMP	UniProtKB
P22682	GO:0070086	involved_in	IMP	UniProtKB
P97306	GO:0009898	located_in	IDA	UniProtKB
Q9NV88	GO:0030512	involved_in	IMP	UniProtKB
P23678	GO:0070266	involved_in	IGI	UniProtKB
P14575	GO:0005751	part_of	IDA	UniProtKB
P22227	GO:0071514	involved_in	IMP	UniProtKB
P59923	GO:0044726	involved_in	IMP	UniProtKB
P31396	GO:0001752	involved_in	IMP	UniProtKB
P27216	GO:0016020	located_in	IDA	UniProtKB
P25814	GO:0042780	involved_in	IDA	UniProtKB
P52168	GO:0046529	acts_upstream_of_positive_effect	IGI	UniProtKB
Q8CDG1	GO:0141006	acts_upstream_of_positive_effect	IMP	UniProtKB
Q8CDG1	GO:0141005	acts_upstream_of_positive_effect	IMP	UniProtKB
Q8CDG1	GO:0071514	involved_in	IMP	UniProtKB
O35678	GO:0016020	located_in	IDA	UniProtKB
P78759	GO:1902426	involved_in	IMP	UniProtKB
Q8QZY3	GO:0071514	involved_in	IMP	UniProtKB
Q8QZY3	GO:0000785	is_active_in	IDA	UniProtKB
Q06224	GO:0006397	involved_in	IMP	UniProtKB
Q9Y4D7	GO:0003151	involved_in	TAS	UniProtKB
O14656	GO:0005789	located_in	IDA	UniProtKB
O43318	GO:0034142	involved_in	IDA	UniProtKB
Q9P3B2	GO:0004129	contributes_to	IDA	UniProtKB
Q9P3B2	GO:0005751	part_of	IDA	UniProtKB
Q9P3B2	GO:0006123	involved_in	IDA	UniProtKB
P62877	GO:0007283	involved_in	IDA	UniProtKB
P62877	GO:0042110	involved_in	IDA	UniProtKB
P62877	GO:0140627	involved_in	IDA	UniProtKB
Q9QZR5	GO:0032991	part_of	IDA	UniProtKB
Q64279	GO:0043425	enables	IPI	UniProtKB
Q9SEX2	GO:0090436	acts_upstream_of_or_within_positive_effect	IMP	UniProtKB
Q9SEX2	GO:0051211	acts_upstream_of_or_within	IMP	UniProtKB
P14484	GO:0046529	involved_in	IMP	UniProtKB
Q09818	GO:0120271	involved_in	IMP	UniProtKB
O13298	GO:0040029	involved_in	IMP	UniProtKB
F1LYQ8	GO:0009898	located_in	IDA	UniProtKB
O43040	GO:0180010	involved_in	IC	UniProtKB
Q9P7W8	GO:0045815	involved_in	IC	UniProtKB
P38174	GO:0051604	involved_in	IMP	UniProtKB
Q80UE6	GO:1903077	involved_in	IDA	UniProtKB
Q80UE6	GO:0004674	enables	IMP	UniProtKB
Q80UE6	GO:0008217	involved_in	IMP	UniProtKB
Q80UE6	GO:0070294	involved_in	IMP	UniProtKB
Q80UE6	GO:1903764	involved_in	IMP	UniProtKB
Q8R507	GO:0007420	involved_in	IDA	UniProtKB
Q8R507	GO:0007420	involved_in	IMP	UniProtKB
Q8R507	GO:0021987	involved_in	IMP	UniProtKB
Q8R507	GO:0098528	involved_in	IMP	UniProtKB
Q8R507	GO:0071711	involved_in	IMP	UniProtKB
Q8R507	GO:0006517	involved_in	IMP	UniProtKB
Q8R507	GO:0021695	involved_in	IMP	UniProtKB
G5EE07	GO:0036498	involved_in	IMP	UniProtKB
Q7JVA5	GO:0097539	is_active_in	IDA	UniProtKB
Q7JVA5	GO:1905515	involved_in	IGI	UniProtKB
Q7JVA5	GO:1905515	involved_in	IMP	UniProtKB
P07332	GO:0009898	located_in	IDA	UniProtKB
P84076	GO:0016020	located_in	IDA	UniProtKB
Q9UTQ7	GO:0045815	involved_in	IC	UniProtKB
P08254	GO:2000378	involved_in	IDA	UniProtKB
Q3UHR0	GO:0030182	involved_in	IMP	UniProtKB
Q3UHR0	GO:0007626	involved_in	IMP	UniProtKB
Q3UHR0	GO:0006325	involved_in	IMP	UniProtKB
Q9Y239	GO:0001653	enables	IDA	UniProtKB
Q9Y239	GO:0070427	involved_in	IDA	UniProtKB
Q9Y239	GO:0050829	involved_in	IDA	UniProtKB
Q9Y239	GO:0043130	enables	IDA	UniProtKB
Q99383	GO:0006397	involved_in	IDA	UniProtKB
Q03157	GO:0180011	involved_in	IDA	UniProtKB
O15455	GO:0034138	involved_in	IDA	UniProtKB
Q8WQ99	GO:0032880	involved_in	IMP	UniProtKB
Q5G872	GO:0002040	acts_upstream_of_or_within	IGI	UniProtKB
Q5G872	GO:0002040	acts_upstream_of_or_within	IMP	UniProtKB
P23839	GO:0016891	enables	IDA	UniProtKB
Q9NWT8	GO:0005759	located_in	IDA	UniProtKB
P40013	GO:0072686	located_in	IDA	UniProtKB
Q8BZ71	GO:0009898	located_in	IDA	UniProtKB
P39927	GO:0006397	involved_in	IMP	UniProtKB
Q9EQU3	GO:1905300	involved_in	IMP	UniProtKB
Q14980	GO:0005886	located_in	IDA	UniProtKB
P18933	GO:0005747	part_of	IDA	UniProtKB
P18933	GO:0006120	involved_in	IC	UniProtKB
O35806	GO:0043279	involved_in	IEP	UniProtKB
O34441	GO:0016891	enables	IDA	UniProtKB
Q9C117	GO:0045815	involved_in	IMP	UniProtKB
Q9D0F1	GO:0014841	involved_in	IMP	UniProtKB
P16869	GO:0072711	involved_in	IEP	UniProtKB
P16869	GO:0015687	involved_in	IMP	UniProtKB
P16869	GO:0044718	involved_in	IMP	UniProtKB
P16869	GO:0015343	enables	IMP	UniProtKB
P16869	GO:0015092	enables	IMP	UniProtKB
O74964	GO:0045815	involved_in	IC	UniProtKB
Q6GMV2	GO:0141005	involved_in	IMP	UniProtKB
P35232	GO:0043525	acts_upstream_of	IGI	UniProtKB
P9WMK7	GO:0008199	enables	IDA	UniProtKB
P9WMK7	GO:0004322	enables	IDA	UniProtKB
P18931	GO:0005747	part_of	IDA	UniProtKB
P18931	GO:0006120	involved_in	IC	UniProtKB
P29692	GO:0045944	involved_in	IDA	UniProtKB
P29692	GO:0000978	enables	IDA	UniProtKB
P29692	GO:0034605	involved_in	IMP	UniProtKB
P63244	GO:1903751	involved_in	IGI	UniProtKB
P30561	GO:0001944	involved_in	IMP	UniProtKB
Q62312	GO:0019209	enables	IDA	UniProtKB
Q9UBF8	GO:0048839	involved_in	IMP	UniProtKB
Q86VW1	GO:1903711	involved_in	IDA	UniProtKB
Q86VW1	GO:1902603	involved_in	IDA	UniProtKB
Q86VW1	GO:0015606	enables	IDA	UniProtKB
Q9UW14	GO:1900445	acts_upstream_of_or_within	IMP	UniProtKB
Q9UW14	GO:0001216	enables	IMP	UniProtKB
P01127	GO:0010467	involved_in	IDA	UniProtKB
P01127	GO:0051897	involved_in	IDA	UniProtKB
O94640	GO:0040029	involved_in	IMP	UniProtKB
Q10426	GO:0031508	involved_in	IMP	UniProtKB
P86049	GO:0005737	located_in	IDA	UniProtKB
P86049	GO:0007283	involved_in	IMP	UniProtKB
P86049	GO:0007143	involved_in	IMP	UniProtKB
P86049	GO:0048477	involved_in	IMP	UniProtKB
P86049	GO:0051728	involved_in	IMP	UniProtKB
P86049	GO:0007140	involved_in	IMP	UniProtKB
P86049	GO:0048515	involved_in	IMP	UniProtKB
P86049	GO:0005515	enables	IPI	UniProtKB
Q10570	GO:0180012	involved_in	IC	UniProtKB
Q9NWZ3	GO:0034142	involved_in	IC	UniProtKB
P57768	GO:0010008	located_in	IDA	UniProtKB
Q91WU2	GO:0015732	involved_in	IDA	UniProtKB
Q91WU2	GO:0016324	located_in	IDA	UniProtKB
Q91WU2	GO:0015139	enables	IDA	UniProtKB
Q91WU2	GO:0015742	involved_in	IDA	UniProtKB
Q91WU2	GO:0015132	enables	IDA	UniProtKB
H2KZZ6	GO:0006403	involved_in	IMP	UniProtKB
Q8R2V3	GO:0044726	involved_in	IDA	UniProtKB
Q8R2V3	GO:0044726	involved_in	IGI	UniProtKB
Q86MI0	GO:0001228	enables	IDA	UniProtKB
P15337	GO:0043066	involved_in	IMP	UniProtKB
P13595	GO:0001837	involved_in	IDA	UniProtKB
Q7ZW63	GO:0007507	acts_upstream_of_or_within	IMP	UniProtKB
O74988	GO:0004129	contributes_to	IDA	UniProtKB
O74988	GO:0005751	part_of	IDA	UniProtKB
Q96I36	GO:0005741	located_in	IDA	UniProtKB
Q9WVL6	GO:2000972	involved_in	IMP	UniProtKB
O04318	GO:0009845	involved_in	IEP	UniProtKB
Q9Y4K3	GO:0034142	involved_in	IDA	UniProtKB
Q62682	GO:0031175	involved_in	IDA	UniProtKB
Q9UJ70	GO:0032495	involved_in	IDA	UniProtKB
Q9UJ70	GO:0042742	involved_in	IDA	UniProtKB
Q9UJ70	GO:0070434	involved_in	IDA	UniProtKB
Q9UJ70	GO:0160047	enables	IDA	UniProtKB
Q9P7S3	GO:0045815	involved_in	IC	UniProtKB
Q54N00	GO:0030587	acts_upstream_of_or_within	IGI	UniProtKB
Q54N00	GO:0000281	acts_upstream_of_or_within	IGI	UniProtKB
Q9LVM5	GO:0009898	located_in	IDA	UniProtKB
Q9LVM5	GO:0051262	involved_in	IDA	UniProtKB
Q9LVM5	GO:0009741	acts_upstream_of_or_within	IMP	UniProtKB
Q9LVM5	GO:1900140	acts_upstream_of_or_within_negative_effect	IMP	UniProtKB
Q9LVM5	GO:0009631	acts_upstream_of_or_within_negative_effect	IMP	UniProtKB
Q9LVM5	GO:1900457	acts_upstream_of_or_within_negative_effect	IMP	UniProtKB
Q59MD2	GO:0001216	enables	IMP	UniProtKB
Q9Y694	GO:0022857	enables	IDA	UniProtKB
Q9Y694	GO:0016324	located_in	IDA	UniProtKB
Q9Y694	GO:0015139	enables	IDA	UniProtKB
Q9Y694	GO:0015742	involved_in	IDA	UniProtKB
O76840	GO:0097628	involved_in	IMP	UniProtKB
O43187	GO:0034142	involved_in	IDA	UniProtKB
Q5U3T3	GO:0060322	acts_upstream_of_or_within	IGI	UniProtKB
Q5U3T3	GO:0060322	acts_upstream_of_or_within	IMP	UniProtKB
Q61496	GO:0140965	involved_in	IMP	UniProtKB
Q61496	GO:0071514	involved_in	IMP	UniProtKB
Q61496	GO:0141006	acts_upstream_of_positive_effect	IMP	UniProtKB
Q9Y709	GO:0000018	involved_in	IDA	UniProtKB
O60841	GO:0042255	involved_in	IDA	UniProtKB
O60841	GO:0005525	enables	IDA	UniProtKB
O60841	GO:0003924	enables	IDA	UniProtKB
O60841	GO:0003924	enables	IMP	UniProtKB
O60841	GO:0000049	enables	IDA	UniProtKB
Q9BYF1	GO:0098670	involved_in	IDA	UniProtKB
O95198	GO:1990756	enables	IDA	UniProtKB
Q10237	GO:0180010	involved_in	IC	UniProtKB
Q59X67	GO:0001216	enables	IMP	UniProtKB
Q9UIF3	GO:0005879	located_in	IDA	UniProtKB
O43353	GO:0035591	enables	IDA	UniProtKB
O43353	GO:0042742	involved_in	IDA	UniProtKB
O43353	GO:0005886	is_active_in	IDA	UniProtKB
O43353	GO:0051260	involved_in	IDA	UniProtKB
O43353	GO:0070427	involved_in	IDA	UniProtKB
O43353	GO:1902523	involved_in	IDA	UniProtKB
Q59U10	GO:1900445	acts_upstream_of_or_within	IMP	UniProtKB
Q59U10	GO:0001216	enables	IMP	UniProtKB
Q9I9N6	GO:0032090	enables	IPI	UniProtKB
O60260	GO:0034599	involved_in	TAS	UniProtKB
O75110	GO:0005770	located_in	IDA	UniProtKB
Q9H4K1	GO:0005879	located_in	IDA	UniProtKB
Q9EQN9	GO:0031923	involved_in	IDA	UniProtKB
Q801E0	GO:0090259	acts_upstream_of_or_within	IMP	UniProtKB
P47809	GO:0036481	involved_in	IDA	UniProtKB
P47809	GO:0034390	involved_in	IDA	UniProtKB
Q8R1B0	GO:0009898	located_in	IDA	UniProtKB
Q9ERI5	GO:0032463	involved_in	IDA	UniProtKB
Q9ERI5	GO:0140694	involved_in	IDA	UniProtKB
Q80SW1	GO:0030234	enables	IDA	UniProtKB
O88667	GO:0030315	located_in	IDA	UniProtKB
Q9BSE5	GO:0047971	enables	IDA	UniProtKB
Q9BSE5	GO:0004053	enables	IDA	UniProtKB
Q9BSE5	GO:0047972	enables	IDA	UniProtKB
Q5AF39	GO:0009272	acts_upstream_of_or_within	IDA	UniProtKB
Q5AF39	GO:1990000	acts_upstream_of_or_within	IDA	UniProtKB
Q5AF39	GO:1990000	acts_upstream_of_or_within	IMP	UniProtKB
Q9QZ08	GO:0070434	involved_in	IDA	UniProtKB
Q9QZ08	GO:0160047	enables	IDA	UniProtKB
O74535	GO:0180010	involved_in	IC	UniProtKB
Q9VEP1	GO:0022008	involved_in	IDA	UniProtKB
Q60994	GO:0043539	enables	IDA	UniProtKB
Q15797	GO:0001503	involved_in	IGI	UniProtKB
Q9UJ83	GO:0106359	enables	IMP	UniProtKB
Q8NBN3	GO:0071260	involved_in	IMP	UniProtKB
Q93YW7	GO:0005743	located_in	IDA	UniProtKB
Q93YW7	GO:0032049	involved_in	IDA	UniProtKB
Q93YW7	GO:0043337	enables	IDA	UniProtKB
Q1ZXK2	GO:0070060	involved_in	IDA	UniProtKB
Q1ZXK2	GO:0006911	involved_in	IMP	UniProtKB
Q59KM8	GO:0030428	located_in	IDA	UniProtKB
Q8WV92	GO:0016020	located_in	IDA	UniProtKB
Q4V887	GO:0016324	located_in	IDA	UniProtKB
P13773	GO:0070371	involved_in	IMP	UniProtKB
O43463	GO:0044725	involved_in	IDA	UniProtKB
O43463	GO:0140949	enables	IDA	UniProtKB
O74365	GO:0045815	involved_in	IC	UniProtKB
Q2EG98	GO:0044325	enables	IPI	UniProtKB
Q99717	GO:0001649	involved_in	IDA	UniProtKB
Q18212	GO:0061629	enables	IPI	UniProtKB
Q5TJ57	GO:0030587	acts_upstream_of_or_within	IGI	UniProtKB
Q5TJ57	GO:0000281	acts_upstream_of_or_within	IGI	UniProtKB
O76922	GO:0010526	involved_in	IMP	UniProtKB
P02788	GO:0051838	involved_in	IMP	UniProtKB
Q10059	GO:0031097	is_active_in	IDA	UniProtKB
P36601	GO:0006310	involved_in	IDA	UniProtKB
A8MTA8	GO:0005879	located_in	IDA	UniProtKB
Q92622	GO:0014067	involved_in	IDA	UniProtKB
Q9VXJ0	GO:0018812	enables	IDA	UniProtKB
Q9JK66	GO:1903377	involved_in	IGI	UniProtKB
P18893	GO:1903377	involved_in	IGI	UniProtKB
Q9VKD7	GO:0032473	is_active_in	IDA	UniProtKB
P27040	GO:0019209	enables	IDA	UniProtKB
Q96A49	GO:0009898	located_in	IDA	UniProtKB
A2APX8	GO:0021675	involved_in	IGI	UniProtKB
A2APX8	GO:0021675	involved_in	IMP	UniProtKB
A2APX8	GO:0008340	involved_in	IGI	UniProtKB
A2APX8	GO:0008340	involved_in	IMP	UniProtKB
Q96PP8	GO:0004866	enables	IDA	UniProtKB
Q9USM3	GO:0045815	involved_in	IC	UniProtKB
Q01237	GO:0070372	involved_in	IGI	UniProtKB
Q01237	GO:0060291	involved_in	IGI	UniProtKB
Q01237	GO:0030695	enables	IGI	UniProtKB
P0DOC8	GO:0070121	acts_upstream_of_or_within	IMP	UniProtKB
Q5AK51	GO:1900445	acts_upstream_of_or_within	IMP	UniProtKB
Q5AK51	GO:0001216	enables	IMP	UniProtKB
Q8TC29	GO:0005879	located_in	IDA	UniProtKB
Q6R0H6	GO:0010854	enables	IMP	UniProtKB
Q6DFV1	GO:0006366	involved_in	IDA	UniProtKB
P22736	GO:0000981	enables	IDA	UniProtKB
P22736	GO:0005634	located_in	IDA	UniProtKB
P22736	GO:0005739	located_in	IDA	UniProtKB
P39745	GO:0045944	involved_in	IMP	UniProtKB
Q00536	GO:0009898	located_in	IDA	UniProtKB
Q5AD13	GO:1900445	acts_upstream_of_or_within	IMP	UniProtKB
Q5AD13	GO:0001216	enables	IMP	UniProtKB
P31651	GO:0005886	located_in	IDA	UniProtKB
P31651	GO:0016323	located_in	IDA	UniProtKB
P48762	GO:0016323	located_in	IDA	UniProtKB
Q9QY42	GO:0034614	involved_in	IMP	UniProtKB
P63073	GO:0051168	involved_in	IDA	UniProtKB
P63073	GO:0051168	involved_in	IMP	UniProtKB
P63073	GO:0006413	involved_in	IMP	UniProtKB
Q10412	GO:0045815	involved_in	IC	UniProtKB
Q08369	GO:1902176	acts_upstream_of	IDA	UniProtKB
Q96B23	GO:0000785	part_of	IDA	UniProtKB
Q96B23	GO:1903901	involved_in	IDA	UniProtKB
Q96B23	GO:0003714	enables	IDA	UniProtKB
Q8QZY4	GO:0009897	located_in	IDA	UniProtKB
P06746	GO:0051575	enables	IDA	UniProtKB
P06746	GO:0140078	enables	IDA	UniProtKB
Q02248	GO:1903377	involved_in	IMP	UniProtKB
P27091	GO:0016015	enables	IMP	UniProtKB
Q05543	GO:1990269	enables	IDA	UniProtKB
Q05543	GO:1990269	enables	IPI	UniProtKB
Q10429	GO:0061776	enables	EXP	UniProtKB
Q6Y1H2	GO:0018812	enables	IDA	UniProtKB
Q6Y1H2	GO:0018812	enables	EXP	UniProtKB
Q7PLK0	GO:0031315	located_in	IDA	UniProtKB
Q7PLK0	GO:0004521	enables	IDA	UniProtKB
Q7PLK0	GO:0140965	involved_in	IMP	UniProtKB
Q7PLK0	GO:0141009	involved_in	IMP	UniProtKB
Q08652	GO:0005829	located_in	IDA	UniProtKB
Q08652	GO:0008289	enables	IDA	UniProtKB
Q08652	GO:0008289	enables	IMP	UniProtKB
H3BRN8	GO:0005879	located_in	IDA	UniProtKB
P53331	GO:0042780	involved_in	IGI	UniProtKB
P53331	GO:0042780	involved_in	IMP	UniProtKB
P50440	GO:0015067	enables	IDA	UniProtKB
Q7XKD0	GO:0015035	enables	IDA	UniProtKB
A0A0A7EPL0	GO:0060966	involved_in	IMP	UniProtKB
A0A0A7EPL0	GO:0005515	enables	IPI	UniProtKB
P03896	GO:0006120	involved_in	IC	UniProtKB
Q9DBL9	GO:0060229	enables	IDA	UniProtKB
Q08426	GO:0018812	enables	TAS	UniProtKB
Q06S87	GO:0006144	acts_upstream_of_or_within	IDA	UniProtKB
P04426	GO:1903377	involved_in	IMP	UniProtKB
B1AWN6	GO:0021675	involved_in	IGI	UniProtKB
B1AWN6	GO:0021675	involved_in	IMP	UniProtKB
B1AWN6	GO:0008340	involved_in	IGI	UniProtKB
B1AWN6	GO:0021542	involved_in	IGI	UniProtKB
Q94511	GO:0005747	part_of	IDA	UniProtKB
Q94511	GO:0006120	involved_in	IC	UniProtKB
Q9UH77	GO:1990756	enables	IDA	UniProtKB
Q9Y7R3	GO:0061776	enables	EXP	UniProtKB
Q9SDM9	GO:0009845	involved_in	IEP	UniProtKB
Q9SDM9	GO:0009845	acts_upstream_of_or_within	IMP	UniProtKB
Q9SDM9	GO:0010162	acts_upstream_of_or_within	IMP	UniProtKB
A3KPP3	GO:1905222	acts_upstream_of_or_within	IMP	UniProtKB
A3KPP3	GO:1901207	acts_upstream_of_or_within	IMP	UniProtKB
A3KPP3	GO:2000826	acts_upstream_of_or_within	IMP	UniProtKB
Q6P5F6	GO:0001837	involved_in	IDA	UniProtKB
Q96M91	GO:0005879	located_in	IDA	UniProtKB
Q9VAH9	GO:0005829	located_in	IDA	UniProtKB
Q9VAH9	GO:0005634	located_in	IDA	UniProtKB
Q93V43	GO:0045944	involved_in	IDA	UniProtKB
Q9QX11	GO:0009898	located_in	IDA	UniProtKB
Q9VZU4	GO:0005747	part_of	IDA	UniProtKB
Q9VZU4	GO:0006120	involved_in	IC	UniProtKB
Q99LX0	GO:1903377	involved_in	IMP	UniProtKB
Q99LX0	GO:1903751	involved_in	IMP	UniProtKB
Q9Z0F1	GO:0010854	enables	IMP	UniProtKB
O60602	GO:0034146	involved_in	IDA	UniProtKB
O60602	GO:0038187	enables	IDA	UniProtKB
P70227	GO:0098554	located_in	IDA	UniProtKB
Q5SVS4	GO:0015698	involved_in	IDA	UniProtKB
Q5SVS4	GO:0005452	enables	IDA	UniProtKB
P12813	GO:0000785	part_of	IDA	UniProtKB
P12813	GO:0032497	involved_in	IDA	UniProtKB
P12813	GO:0005829	located_in	IDA	UniProtKB
P12813	GO:0001530	enables	IDA	UniProtKB
P12813	GO:0003690	enables	IDA	UniProtKB
P12813	GO:0160075	involved_in	IMP	UniProtKB
Q9BZV2	GO:0031923	involved_in	IDA	UniProtKB
Q9BZV2	GO:0031923	involved_in	IMP	UniProtKB
P34148	GO:0044351	acts_upstream_of_or_within	IMP	UniProtKB
Q96CK0	GO:0000122	involved_in	IDA	UniProtKB
B8Y7Y5	GO:0006338	involved_in	IC	UniProtKB
B8Y7Y5	GO:0006335	involved_in	IMP	UniProtKB
Q9BXM7	GO:1903377	involved_in	IDA	UniProtKB
Q24475	GO:0043065	involved_in	IDA	UniProtKB
Q6J5K9	GO:0031315	located_in	IDA	UniProtKB
Q9JIH7	GO:0140693	enables	IDA	UniProtKB
Q9JIH7	GO:0043232	is_active_in	IDA	UniProtKB
Q9JIH7	GO:0071474	involved_in	IDA	UniProtKB
Q9JIH7	GO:0006884	involved_in	IDA	UniProtKB
Q9JIH7	GO:1903077	involved_in	IDA	UniProtKB
P10759	GO:0003876	enables	IDA	UniProtKB
Q9XZI6	GO:0070266	involved_in	IGI	UniProtKB
P02730	GO:0170014	part_of	IDA	UniProtKB
P0DMC2	GO:0005615	located_in	IDA	UniProtKB
P0DMC2	GO:0002040	acts_upstream_of_or_within	IGI	UniProtKB
P39015	GO:0141014	involved_in	IDA	UniProtKB
Q91XW8	GO:0071514	involved_in	IMP	UniProtKB
P36897	GO:1901203	acts_upstream_of	IMP	UniProtKB
P36897	GO:0036446	involved_in	IMP	UniProtKB
Q9UT49	GO:0070935	involved_in	IMP	UniProtKB
Q8BHB0	GO:0010508	involved_in	IDA	UniProtKB
Q8BHB0	GO:0070427	involved_in	IDA	UniProtKB
Q8BHB0	GO:0042834	enables	IDA	UniProtKB
Q8BHB0	GO:0034976	involved_in	IDA	UniProtKB
Q8BHB0	GO:0038187	enables	IDA	UniProtKB
O13719	GO:0045815	involved_in	IC	UniProtKB
Q9ET37	GO:0005412	enables	IDA	UniProtKB
Q06102	GO:0006397	involved_in	IDA	UniProtKB
Q06102	GO:0006397	involved_in	IMP	UniProtKB
Q96AK3	GO:0044355	involved_in	IDA	UniProtKB
Q9P7V3	GO:0006396	involved_in	TAS	UniProtKB
Q65YR8	GO:0030162	involved_in	IDA	UniProtKB
O49326	GO:0009793	involved_in	IEP	UniProtKB
O49326	GO:0010162	acts_upstream_of_or_within	IMP	UniProtKB
O49326	GO:0009845	acts_upstream_of_or_within	IMP	UniProtKB
Q9FGH9	GO:0005886	located_in	IDA	UniProtKB
Q9FGH9	GO:0031982	located_in	IDA	UniProtKB
Q9FGH9	GO:1901332	acts_upstream_of_or_within	IMP	UniProtKB
Q6P5W5	GO:0106219	enables	IMP	UniProtKB
P07713	GO:0036335	involved_in	IEP	UniProtKB
P07713	GO:0046529	acts_upstream_of_positive_effect	IMP	UniProtKB
Q14722	GO:0009898	located_in	IDA	UniProtKB
Q9JJX6	GO:0005765	is_active_in	IDA	UniProtKB
Q9JJX6	GO:0099094	enables	IDA	UniProtKB
Q9Y5B8	GO:0005879	located_in	IDA	UniProtKB
P08631	GO:0009898	located_in	IMP	UniProtKB
O42868	GO:0180010	involved_in	IC	UniProtKB
P29590	GO:0060090	enables	IDA	UniProtKB
Q9BQ52	GO:1990180	involved_in	IMP	UniProtKB
P51960	GO:0141007	acts_upstream_of_positive_effect	IMP	UniProtKB
A0FGR8	GO:0009898	located_in	IMP	UniProtKB
P47792	GO:0003700	contributes_to	IDA	UniProtKB
P47792	GO:0005667	part_of	IC	UniProtKB
P79010	GO:0004129	contributes_to	IDA	UniProtKB
P79010	GO:0005751	part_of	IDA	UniProtKB
P79010	GO:0006123	involved_in	IDA	UniProtKB
Q05201	GO:0004726	enables	IDA	UniProtKB
Q9NV06	GO:0044725	involved_in	IDA	UniProtKB
Q9NV06	GO:0007056	involved_in	IDA	UniProtKB
Q9NV06	GO:0043161	involved_in	IDA	UniProtKB
O94468	GO:0003677	enables	IDA	UniProtKB
Q9UTN6	GO:0045815	involved_in	IC	UniProtKB
P19838	GO:0140311	enables	IDA	UniProtKB
O35885	GO:0001228	enables	IDA	UniProtKB
O35885	GO:0001228	enables	IGI	UniProtKB
O35885	GO:0001228	enables	IMP	UniProtKB
O35885	GO:0045944	involved_in	IDA	UniProtKB
O35885	GO:0045944	involved_in	IGI	UniProtKB
O35885	GO:0045944	involved_in	IMP	UniProtKB
O35885	GO:0000122	involved_in	IGI	UniProtKB
O35885	GO:0000122	involved_in	IMP	UniProtKB
O35885	GO:0000977	enables	IGI	UniProtKB
O35885	GO:0000977	enables	IMP	UniProtKB
O35885	GO:0001227	enables	IGI	UniProtKB
O35885	GO:0001227	enables	IMP	UniProtKB
O35885	GO:0045629	involved_in	IMP	UniProtKB
O35885	GO:0045626	involved_in	IMP	UniProtKB
O35885	GO:2000320	involved_in	IMP	UniProtKB
O35885	GO:0060719	involved_in	IMP	UniProtKB
O35885	GO:2000406	involved_in	IMP	UniProtKB
O35885	GO:0061470	involved_in	IMP	UniProtKB
O35885	GO:0019827	involved_in	IMP	UniProtKB
O35885	GO:0043425	enables	IPI	UniProtKB
Q9Z2A7	GO:0005789	located_in	IDA	UniProtKB
Q9BS91	GO:0000139	is_active_in	IDA	UniProtKB
Q9BS91	GO:0015165	enables	IMP	UniProtKB
P98170	GO:0061135	enables	IDA	UniProtKB
P98170	GO:0070534	involved_in	IDA	UniProtKB
P98170	GO:0043123	involved_in	IDA	UniProtKB
P98170	GO:0070431	involved_in	IDA	UniProtKB
Q91X88	GO:0051674	involved_in	IMP	UniProtKB
Q91X88	GO:0007605	involved_in	IMP	UniProtKB
Q91X88	GO:0042552	involved_in	IMP	UniProtKB
Q91X88	GO:0007420	involved_in	IMP	UniProtKB
Q9UET6	GO:1904047	enables	IDA	UniProtKB
Q9UET6	GO:0022008	involved_in	IDA	UniProtKB
Q9UET6	GO:0016423	enables	IDA	UniProtKB
Q9UET6	GO:0005634	located_in	IDA	UniProtKB
Q9UET6	GO:0002130	involved_in	IDA	UniProtKB
Q9UET6	GO:0002128	involved_in	IMP	UniProtKB
Q9UET6	GO:0002181	involved_in	IMP	UniProtKB
Q9UET6	GO:0106339	enables	IMP	UniProtKB
Q13698	GO:0051209	involved_in	IMP	UniProtKB
Q07869	GO:1904189	acts_upstream_of_or_within	IMP	UniProtKB
Q54L53	GO:0005886	located_in	TAS	UniProtKB
Q54L53	GO:0004930	enables	TAS	UniProtKB
P61586	GO:0009898	located_in	IDA	UniProtKB
O60573	GO:0060339	involved_in	IDA	UniProtKB
O60573	GO:0072344	involved_in	IDA	UniProtKB
O60573	GO:0000340	enables	IDA	UniProtKB
O60573	GO:0045947	involved_in	IDA	UniProtKB
O08523	GO:0060088	involved_in	IGI	UniProtKB
Q5YDB5	GO:0045814	acts_upstream_of_or_within	IDA	UniProtKB
Q5YDB5	GO:2000028	acts_upstream_of_or_within_negative_effect	IMP	UniProtKB
Q5YDB5	GO:0034244	acts_upstream_of_or_within	IMP	UniProtKB
P84022	GO:1902894	involved_in	IMP	UniProtKB
Q9Z0L5	GO:0007173	involved_in	IDA	UniProtKB
Q8NBN3	GO:0005794	located_in	IDA	UniProtKB
O23702	GO:0005874	located_in	IDA	UniProtKB
O23702	GO:0048826	acts_upstream_of_or_within	IMP	UniProtKB
P62483	GO:0009898	located_in	IDA	UniProtKB
Q9CY58	GO:0141014	involved_in	IDA	UniProtKB
Q96RF0	GO:0009898	located_in	IDA	UniProtKB
Q9UNP4	GO:0001574	involved_in	IC	UniProtKB
P68400	GO:0016605	is_active_in	IDA	UniProtKB
P68400	GO:0075342	involved_in	IDA	UniProtKB
O94355	GO:0045815	involved_in	IC	UniProtKB
Q99932	GO:0005879	located_in	IDA	UniProtKB
Q99497	GO:1903751	involved_in	IDA	UniProtKB
Q99497	GO:2000379	involved_in	IDA	UniProtKB
Q99497	GO:1903376	involved_in	IDA	UniProtKB
Q99497	GO:0070301	involved_in	IMP	UniProtKB
